id,first_name,last_name,email,gender,language
1,Hirsch,Card,hcard0@blinklist.com,Male,Macedonian
2,Renato,Meakes,rmeakes1@yandex.ru,Male,Tajik
3,Ivett,Slatcher,islatcher2@theglobeandmail.com,Female,Hindi
4,Earlie,Bere,ebere3@walmart.com,Female,French
5,Chadd,Cantero,ccantero4@sphinn.com,Female,Bengali
6,Gan,Maciaszczyk,gmaciaszczyk5@photobucket.com,Female,Yiddish
7,Beckie,Pagon,bpagon6@apache.org,Male,Aymara
8,Mina,Bunning,mbunning7@sitemeter.com,Male,Spanish
9,Kaela,Beazleigh,kbeazleigh8@npr.org,Female,Hungarian
10,Errick,Ninnoli,eninnoli9@whitehouse.gov,Female,Icelandic
11,Darby,Billo,dbilloa@imageshack.us,Female,Haitian Creole
12,Clem,McGilben,cmcgilbenb@hhs.gov,Male,Haitian Creole
13,Edy,Sone,esonec@reuters.com,Male,Tamil
14,Tiff,Halworth,thalworthd@google.de,Female,Dzongkha
15,Paloma,Woollons,pwoollonse@msn.com,Female,Kazakh
16,Marti,Portwaine,mportwainef@theglobeandmail.com,Female,Korean
17,Letty,McClounan,lmcclounang@epa.gov,Male,Zulu
18,Nadia,Cahillane,ncahillaneh@ebay.co.uk,Female,Dutch
19,Suzette,Compton,scomptoni@mlb.com,Male,Tsonga
20,Nickie,Dodd,ndoddj@imageshack.us,Male,Kurdish
21,Dorisa,Albasiny,dalbasinyk@blogtalkradio.com,Female,Swedish
22,Lorrayne,Blasio,lblasiol@free.fr,Male,West Frisian
23,Camille,Febvre,cfebvrem@parallels.com,Male,Marathi
24,Jerrie,Olrenshaw,jolrenshawn@nhs.uk,Male,Macedonian
25,Myrtle,Balstone,mbalstoneo@linkedin.com,Female,Croatian
26,Murry,Chatband,mchatbandp@earthlink.net,Female,Macedonian
27,Rosamund,Marcu,rmarcuq@hubpages.com,Male,Bislama
28,Carlota,Courtes,ccourtesr@ezinearticles.com,Male,Maltese
29,Sheffie,Norsister,snorsisters@jugem.jp,Female,English
30,Hillary,Dewhurst,hdewhurstt@webmd.com,Male,Georgian
31,Cord,Gripton,cgriptonu@tripadvisor.com,Male,Dutch
32,Pen,Tebb,ptebbv@mashable.com,Male,Tajik
33,Danica,Reina,dreinaw@salon.com,Male,Guaraní
34,Kelila,Peatman,kpeatmanx@phpbb.com,Male,Burmese
35,Dallas,Bracher,dbrachery@dell.com,Female,Malagasy
36,Emelda,Longson,elongsonz@walmart.com,Male,Moldovan
37,Blondy,Phebey,bphebey10@flickr.com,Male,Assamese
38,Francisca,Mebius,fmebius11@pagesperso-orange.fr,Male,Bengali
39,Lonnard,Thames,lthames12@wufoo.com,Male,Spanish
40,Celinka,Pitford,cpitford13@amazon.com,Male,Chinese
41,Kennett,Witch,kwitch14@digg.com,Female,Moldovan
42,Honor,Dummett,hdummett15@mediafire.com,Female,Tajik
43,Brigg,Lies,blies16@issuu.com,Male,Macedonian
44,Joelie,Pingstone,jpingstone17@tuttocitta.it,Male,Estonian
45,Rochelle,Bonallack,rbonallack18@ibm.com,Female,Quechua
46,Faith,Congreve,fcongreve19@webs.com,Female,Estonian
47,Melicent,Humberston,mhumberston1a@alexa.com,Female,Polish
48,Pansy,Wakeman,pwakeman1b@reference.com,Male,Kyrgyz
49,Yardley,Carnegy,ycarnegy1c@webs.com,Male,Chinese
50,Leicester,Mannooch,lmannooch1d@boston.com,Female,Swahili
51,Steffi,Vanlint,svanlint1e@dion.ne.jp,Female,Maltese
52,Lance,Riccione,lriccione1f@github.io,Female,Hiri Motu
53,Halley,Dunlop,hdunlop1g@naver.com,Male,Belarusian
54,Daryn,Feavearyear,dfeavearyear1h@hugedomains.com,Female,Dutch
55,Emelia,Dykas,edykas1i@cnet.com,Male,Danish
56,Emery,Siggins,esiggins1j@qq.com,Male,Afrikaans
57,Cherey,Yakunin,cyakunin1k@nba.com,Male,Malay
58,Ravid,Dugood,rdugood1l@irs.gov,Male,Macedonian
59,Brenden,Hughes,bhughes1m@smh.com.au,Male,Amharic
60,Dannie,Corrado,dcorrado1n@businesswire.com,Female,Catalan
61,Rafa,Caustick,rcaustick1o@symantec.com,Male,Gagauz
62,Peggi,Moohan,pmoohan1p@unesco.org,Female,Kazakh
63,Emelia,Garfit,egarfit1q@globo.com,Male,Bengali
64,Keelia,Ferreras,kferreras1r@apache.org,Female,Kurdish
65,Vania,Minifie,vminifie1s@cpanel.net,Male,Tsonga
66,Rici,Birkett,rbirkett1t@bluehost.com,Female,Portuguese
67,Beverie,Sink,bsink1u@sfgate.com,Female,Chinese
68,Kahlil,Trembley,ktrembley1v@sogou.com,Female,Malayalam
69,Valencia,Bailess,vbailess1w@posterous.com,Female,Gagauz
70,Sada,Otter,sotter1x@rediff.com,Male,Romanian
71,Marena,Bethel,mbethel1y@nsw.gov.au,Male,Czech
72,Karon,Fahrenbacher,kfahrenbacher1z@cnbc.com,Male,New Zealand Sign Language
73,Deloris,Oxley,doxley20@house.gov,Male,Chinese
74,Odelinda,Marrison,omarrison21@comcast.net,Male,Papiamento
75,Sapphira,Keynd,skeynd22@economist.com,Male,Indonesian
76,Abrahan,Gammade,agammade23@wikia.com,Male,Georgian
77,Silvanus,Ebben,sebben24@sitemeter.com,Male,Portuguese
78,Fina,Beasant,fbeasant25@yahoo.co.jp,Female,Hebrew
79,Grantham,Mortell,gmortell26@phpbb.com,Female,Swahili
80,Aeriell,Hanbidge,ahanbidge27@cnet.com,Female,Ndebele
81,Katha,Tyt,ktyt28@vkontakte.ru,Male,Pashto
82,Bellina,Batterbee,bbatterbee29@artisteer.com,Female,Nepali
83,Fairleigh,Arckoll,farckoll2a@earthlink.net,Male,Gujarati
84,Bibi,Ordemann,bordemann2b@amazon.com,Male,Quechua
85,Juana,Cutforth,jcutforth2c@1688.com,Male,Hebrew
86,Zach,Dayne,zdayne2d@mail.ru,Male,Tajik
87,Marni,Bartens,mbartens2e@discovery.com,Male,Norwegian
88,Ashby,Stealey,astealey2f@networksolutions.com,Male,Bulgarian
89,Karia,Caldecot,kcaldecot2g@time.com,Male,Persian
90,Rena,MacCaull,rmaccaull2h@vimeo.com,Female,Hiri Motu
91,Wenda,Schoolcroft,wschoolcroft2i@google.co.uk,Male,Thai
92,Lyell,Delf,ldelf2j@example.com,Male,Montenegrin
93,Diahann,Rivel,drivel2k@pinterest.com,Female,Northern Sotho
94,Raynell,Weston,rweston2l@acquirethisname.com,Female,Ndebele
95,Philippine,Goodnow,pgoodnow2m@deliciousdays.com,Female,Northern Sotho
96,Seka,Duns,sduns2n@ed.gov,Female,Haitian Creole
97,Ellswerth,Latliff,elatliff2o@hc360.com,Male,Greek
98,Cherice,Tattersill,ctattersill2p@sciencedaily.com,Male,Gagauz
99,Janie,Gillies,jgillies2q@earthlink.net,Male,Māori
100,Guenevere,Gunson,ggunson2r@google.co.jp,Female,Ndebele
101,Petronella,Gomm,pgomm2s@hp.com,Male,Romanian
102,Darsey,Braams,dbraams2t@weebly.com,Male,Swedish
103,Tony,O'Brogane,tobrogane2u@rakuten.co.jp,Male,Kashmiri
104,Denver,Lucey,dlucey2v@bigcartel.com,Male,Tamil
105,Maybelle,Sansbury,msansbury2w@google.cn,Male,Chinese
106,Malinde,Flannigan,mflannigan2x@livejournal.com,Female,Tok Pisin
107,Raleigh,LeEstut,rleestut2y@lycos.com,Male,Belarusian
108,Janina,Pelerin,jpelerin2z@forbes.com,Female,Hungarian
109,Lory,Brakewell,lbrakewell30@china.com.cn,Female,Danish
110,Skye,Baroch,sbaroch31@twitter.com,Male,Zulu
111,Shelly,Glasscoe,sglasscoe32@flavors.me,Female,Romanian
112,Hanny,Brassington,hbrassington33@sun.com,Female,Spanish
113,Prissie,Winder,pwinder34@dot.gov,Female,Dari
114,Corbie,Commusso,ccommusso35@reuters.com,Female,Malayalam
115,Odette,Durnan,odurnan36@webs.com,Female,Japanese
116,Noble,Lohrensen,nlohrensen37@bandcamp.com,Male,Irish Gaelic
117,Alli,Grigoryov,agrigoryov38@topsy.com,Female,Dhivehi
118,Anatol,Garrish,agarrish39@hhs.gov,Female,Armenian
119,Giuseppe,Braidman,gbraidman3a@i2i.jp,Male,Fijian
120,Estrella,Marquez,emarquez3b@bbb.org,Female,Catalan
121,Nicolis,Goggen,ngoggen3c@ted.com,Female,Tswana
122,Gerti,Mussetti,gmussetti3d@biblegateway.com,Male,Hungarian
123,Freeland,Stennet,fstennet3e@auda.org.au,Male,Haitian Creole
124,Aguste,Beining,abeining3f@google.co.jp,Male,Czech
125,Delbert,Kime,dkime3g@free.fr,Female,Nepali
126,Cristian,Djuricic,cdjuricic3h@hao123.com,Female,Spanish
127,Katharina,Applebee,kapplebee3i@economist.com,Female,Nepali
128,Daniele,Thompsett,dthompsett3j@alexa.com,Female,Malay
129,Martina,Henfre,mhenfre3k@chronoengine.com,Female,Haitian Creole
130,Sosanna,Stump,sstump3l@nhs.uk,Female,Japanese
131,Corabelle,Novotni,cnovotni3m@mediafire.com,Male,Amharic
132,Elene,Pyott,epyott3n@posterous.com,Male,Azeri
133,Chaim,Dockree,cdockree3o@springer.com,Female,Malayalam
134,Stefano,Campes,scampes3p@exblog.jp,Female,Fijian
135,Cecilio,Payton,cpayton3q@timesonline.co.uk,Male,Tamil
136,Chas,Fredson,cfredson3r@soundcloud.com,Female,Sotho
137,Avivah,Folds,afolds3s@taobao.com,Female,Yiddish
138,Dukey,Reeve,dreeve3t@parallels.com,Female,Guaraní
139,Kassia,Ferris,kferris3u@yelp.com,Male,Belarusian
140,Ginnifer,Sibly,gsibly3v@fastcompany.com,Female,Swedish
141,Christoph,Plews,cplews3w@goodreads.com,Female,Croatian
142,Myca,Wigin,mwigin3x@nbcnews.com,Female,Hiri Motu
143,Marieann,Heel,mheel3y@cnbc.com,Male,Tamil
144,Aloin,Merkle,amerkle3z@taobao.com,Female,Czech
145,Brien,Twede,btwede40@noaa.gov,Female,Luxembourgish
146,Ange,McKibben,amckibben41@gizmodo.com,Female,Tok Pisin
147,Persis,Gadaud,pgadaud42@disqus.com,Female,Tok Pisin
148,Aleece,Isakovic,aisakovic43@instagram.com,Male,Arabic
149,Loy,Spedroni,lspedroni44@nytimes.com,Female,Filipino
150,Pandora,Knuckles,pknuckles45@unesco.org,Male,Tamil
151,Sholom,Maidment,smaidment46@answers.com,Female,Tok Pisin
152,Karil,de Najera,kdenajera47@weibo.com,Male,Dhivehi
153,Grannie,Kilmary,gkilmary48@globo.com,Male,Swahili
154,Emmaline,Kime,ekime49@tumblr.com,Female,Kyrgyz
155,Nancie,Masterson,nmasterson4a@google.com.hk,Female,Afrikaans
156,Allister,Halifax,ahalifax4b@fastcompany.com,Female,Hindi
157,Lacey,Wallis,lwallis4c@mapy.cz,Female,Bislama
158,Cynthea,Mozzi,cmozzi4d@bloglovin.com,Female,Haitian Creole
159,Mill,Fink,mfink4e@cargocollective.com,Female,Telugu
160,Antonin,Mawd,amawd4f@theatlantic.com,Male,Portuguese
161,Amy,Blackford,ablackford4g@tinypic.com,Female,Chinese
162,Willyt,Furnival,wfurnival4h@fema.gov,Male,Malayalam
163,Jean,Habergham,jhabergham4i@moonfruit.com,Female,Kashmiri
164,Davidde,Lindegard,dlindegard4j@miibeian.gov.cn,Female,German
165,Celka,Pillington,cpillington4k@mashable.com,Female,Macedonian
166,Darlene,Elsmore,delsmore4l@e-recht24.de,Female,Khmer
167,Hodge,Isted,histed4m@xrea.com,Female,Swahili
168,Dena,Nizet,dnizet4n@ocn.ne.jp,Female,Assamese
169,Bartholomew,Bretton,bbretton4o@howstuffworks.com,Male,German
170,Cody,Blofeld,cblofeld4p@springer.com,Male,Romanian
171,Elfreda,Delafont,edelafont4q@squarespace.com,Female,Tamil
172,Joel,Stockton,jstockton4r@bloomberg.com,Female,Belarusian
173,Adi,Abelson,aabelson4s@oaic.gov.au,Male,Swati
174,Renell,De Malchar,rdemalchar4t@weibo.com,Female,Finnish
175,Goldy,Exeter,gexeter4u@washingtonpost.com,Male,Malagasy
176,Shelton,Hoogendorp,shoogendorp4v@wordpress.com,Female,Telugu
177,Olympie,Sherrott,osherrott4w@army.mil,Male,Malagasy
178,Imojean,McRobb,imcrobb4x@slideshare.net,Female,Burmese
179,Olivie,Durnell,odurnell4y@multiply.com,Female,English
180,Elizabet,Lansbury,elansbury4z@unc.edu,Male,Tok Pisin
181,Phillie,Brignall,pbrignall50@cpanel.net,Female,Yiddish
182,Catarina,Dowey,cdowey51@smugmug.com,Male,Armenian
183,Paquito,Birks,pbirks52@ezinearticles.com,Male,Bulgarian
184,Collen,Ridout,cridout53@cocolog-nifty.com,Female,French
185,Richy,Piddle,rpiddle54@yahoo.com,Male,Tamil
186,Laureen,Rugg,lrugg55@deviantart.com,Male,Japanese
187,Timoteo,Miquelet,tmiquelet56@discuz.net,Female,Armenian
188,Ester,Garnham,egarnham57@weibo.com,Female,Zulu
189,Kori,Stuer,kstuer58@huffingtonpost.com,Female,Korean
190,Dermot,Bruin,dbruin59@answers.com,Female,Gagauz
191,Talya,Buddington,tbuddington5a@symantec.com,Female,Mongolian
192,Hunt,Furphy,hfurphy5b@hp.com,Female,Spanish
193,Joellen,McIlvoray,jmcilvoray5c@fc2.com,Male,Finnish
194,Blanca,Hare,bhare5d@europa.eu,Male,Albanian
195,Thain,Tarbin,ttarbin5e@arizona.edu,Female,Estonian
196,Roderigo,Privett,rprivett5f@delicious.com,Female,Moldovan
197,George,Clayton,gclayton5g@oracle.com,Male,Tajik
198,Carleen,Cadlock,ccadlock5h@live.com,Female,Gujarati
199,Katey,McCandie,kmccandie5i@rambler.ru,Female,Moldovan
200,Ingeborg,Burehill,iburehill5j@geocities.com,Female,Assamese
201,Eleonore,Plumley,eplumley5k@i2i.jp,Female,Swedish
202,Winnie,Fend,wfend5l@tmall.com,Female,Azeri
203,Michel,Berget,mberget5m@wix.com,Male,Swati
204,Herculie,Castiglioni,hcastiglioni5n@sitemeter.com,Male,Zulu
205,Washington,Wrack,wwrack5o@php.net,Female,Kashmiri
206,Burk,Tansill,btansill5p@bigcartel.com,Male,Mongolian
207,Merola,Sextone,msextone5q@narod.ru,Male,Chinese
208,Maggi,Malling,mmalling5r@cnbc.com,Male,Sotho
209,Homerus,Kearley,hkearley5s@foxnews.com,Female,Pashto
210,Eunice,Babonau,ebabonau5t@woothemes.com,Male,Zulu
211,Freddie,Keasy,fkeasy5u@unc.edu,Male,Indonesian
212,Jackie,Huskisson,jhuskisson5v@ucsd.edu,Female,Ndebele
213,Pasquale,Alger,palger5w@craigslist.org,Male,Chinese
214,Thorin,Glayzer,tglayzer5x@diigo.com,Male,Arabic
215,Vi,Plumbley,vplumbley5y@woothemes.com,Female,Maltese
216,Lydie,Knolles-Green,lknollesgreen5z@china.com.cn,Male,Nepali
217,Terza,Speaks,tspeaks60@dot.gov,Female,Polish
218,Gusti,Millmore,gmillmore61@geocities.com,Female,Tsonga
219,Hurlee,Winthrop,hwinthrop62@newsvine.com,Male,Khmer
220,Andriette,Vasyanin,avasyanin63@berkeley.edu,Female,Tok Pisin
221,Rabbi,Gladdolph,rgladdolph64@spotify.com,Female,Pashto
222,Rolland,Suermeiers,rsuermeiers65@pbs.org,Male,Kyrgyz
223,Janet,Lansberry,jlansberry66@china.com.cn,Male,Dutch
224,Audie,Ninnis,aninnis67@meetup.com,Female,Danish
225,Stefa,Georgel,sgeorgel68@psu.edu,Female,Portuguese
226,Obie,Digle,odigle69@slashdot.org,Female,Sotho
227,Tiebold,Leverette,tleverette6a@imdb.com,Male,Estonian
228,Micky,Bridgwater,mbridgwater6b@hp.com,Male,Maltese
229,Nelson,Jeschner,njeschner6c@dmoz.org,Female,Guaraní
230,Selena,Splaven,ssplaven6d@fotki.com,Male,Bislama
231,Roxane,Maevela,rmaevela6e@photobucket.com,Male,Khmer
232,Homere,Reams,hreams6f@opensource.org,Female,Lithuanian
233,Moishe,Chessel,mchessel6g@time.com,Female,Danish
234,Craggy,Bulpitt,cbulpitt6h@ustream.tv,Female,Kashmiri
235,Baryram,Dresse,bdresse6i@umich.edu,Male,Pashto
236,Reba,Tierney,rtierney6j@msn.com,Female,Belarusian
237,Darcy,Dalyell,ddalyell6k@constantcontact.com,Male,German
238,Tilda,Jerrom,tjerrom6l@ocn.ne.jp,Male,Montenegrin
239,Ricki,Houlden,rhoulden6m@deviantart.com,Male,Hungarian
240,Ira,Tilliards,itilliards6n@about.com,Female,West Frisian
241,Siouxie,Cristofori,scristofori6o@scribd.com,Female,Kurdish
242,Tanney,Brownhall,tbrownhall6p@cafepress.com,Female,Mongolian
243,Genna,Arnaudet,garnaudet6q@soundcloud.com,Female,Lithuanian
244,Bambi,Hearnshaw,bhearnshaw6r@behance.net,Male,Malagasy
245,Codie,Tirone,ctirone6s@nymag.com,Female,Kazakh
246,Blaire,Pendell,bpendell6t@twitpic.com,Male,Burmese
247,Mischa,Brockhurst,mbrockhurst6u@cpanel.net,Female,Portuguese
248,Kelci,Jeaneau,kjeaneau6v@list-manage.com,Female,Northern Sotho
249,Eimile,Balsom,ebalsom6w@washingtonpost.com,Female,Icelandic
250,Charo,Gooders,cgooders6x@thetimes.co.uk,Male,Amharic
251,Leora,Osichev,losichev6y@nature.com,Male,German
252,Fan,Gozzett,fgozzett6z@hud.gov,Female,Tamil
253,Jolynn,Gryglewski,jgryglewski70@hhs.gov,Male,Portuguese
254,Janna,Everall,jeverall71@csmonitor.com,Male,Ndebele
255,Clarisse,Willmetts,cwillmetts72@elegantthemes.com,Male,Malagasy
256,Aidan,Masterton,amasterton73@xrea.com,Female,Quechua
257,Carol,Archer,carcher74@elpais.com,Male,Telugu
258,Carson,Bavister,cbavister75@goodreads.com,Male,Yiddish
259,Shara,Ivanitsa,sivanitsa76@toplist.cz,Female,French
260,Free,Norgate,fnorgate77@nsw.gov.au,Female,Irish Gaelic
261,Benjamin,Haddon,bhaddon78@over-blog.com,Male,Irish Gaelic
262,Tadd,Lawtie,tlawtie79@addthis.com,Male,Danish
263,Hughie,Gawler,hgawler7a@woothemes.com,Male,Kannada
264,Harp,Rudinger,hrudinger7b@narod.ru,Male,Sotho
265,Bertram,Guidera,bguidera7c@blinklist.com,Male,Tetum
266,Katlin,Bolan,kbolan7d@bigcartel.com,Female,Dari
267,Guillermo,Dalligan,gdalligan7e@arstechnica.com,Male,Armenian
268,Roch,Bleeze,rbleeze7f@telegraph.co.uk,Male,Hindi
269,Ransom,Russan,rrussan7g@skype.com,Male,Pashto
270,Rebeka,Kissack,rkissack7h@cisco.com,Female,Irish Gaelic
271,Angie,Tuffley,atuffley7i@g.co,Female,Moldovan
272,Nevile,Faraker,nfaraker7j@twitpic.com,Male,Italian
273,Geoff,Flahy,gflahy7k@blogtalkradio.com,Male,Arabic
274,Nert,Eyckel,neyckel7l@facebook.com,Female,Romanian
275,Cordell,Charman,ccharman7m@earthlink.net,Male,Danish
276,Chicky,MacRanald,cmacranald7n@umn.edu,Female,Hindi
277,Janeva,Lillicrop,jlillicrop7o@nps.gov,Female,Telugu
278,Maximo,Heighton,mheighton7p@wordpress.com,Male,Quechua
279,Maudie,Decroix,mdecroix7q@statcounter.com,Female,Romanian
280,Glyn,Aronow,garonow7r@mapquest.com,Male,Khmer
281,Alanna,Rizzardini,arizzardini7s@blogtalkradio.com,Female,Tsonga
282,Iver,Dargie,idargie7t@wikipedia.org,Male,Tamil
283,Alexander,Stuer,astuer7u@google.fr,Female,Zulu
284,Valerie,Gauson,vgauson7v@shareasale.com,Female,Maltese
285,Opaline,Wethers,owethers7w@techcrunch.com,Male,Sotho
286,Wadsworth,Gotcher,wgotcher7x@msn.com,Male,Romanian
287,Nicolas,Bownd,nbownd7y@europa.eu,Female,Kannada
288,Vidovik,Vinker,vvinker7z@bloglines.com,Male,Finnish
289,Amber,Jovasevic,ajovasevic80@elpais.com,Male,Yiddish
290,Warner,Palumbo,wpalumbo81@whitehouse.gov,Male,Estonian
291,Kaycee,Deam,kdeam82@homestead.com,Female,Māori
292,Hendrika,Corbally,hcorbally83@drupal.org,Female,Malagasy
293,Eleanor,Meadmore,emeadmore84@wiley.com,Male,Marathi
294,Garner,Rodder,grodder85@arstechnica.com,Male,Portuguese
295,Reena,Smitten,rsmitten86@jugem.jp,Female,Chinese
296,Clarissa,Vail,cvail87@opensource.org,Male,Indonesian
297,Dosi,Lavalde,dlavalde88@soup.io,Male,Tetum
298,Clea,Akester,cakester89@people.com.cn,Male,Burmese
299,Eric,Beveredge,ebeveredge8a@constantcontact.com,Male,Pashto
300,Kip,Janning,kjanning8b@forbes.com,Male,Portuguese
301,Randa,Wisniewski,rwisniewski8c@npr.org,Male,Lao
302,Roch,Arthey,rarthey8d@theatlantic.com,Male,Malay
303,Gabbi,Furness,gfurness8e@vinaora.com,Female,Northern Sotho
304,Gerri,Gilardengo,ggilardengo8f@naver.com,Male,Northern Sotho
305,Rick,Bawme,rbawme8g@mlb.com,Male,Maltese
306,Katy,Labet,klabet8h@google.ru,Female,Armenian
307,Clarisse,Busch,cbusch8i@usatoday.com,Female,Spanish
308,Corinne,Spottiswoode,cspottiswoode8j@canalblog.com,Male,Quechua
309,Ashely,Harmon,aharmon8k@360.cn,Male,Māori
310,Roderick,Meldrum,rmeldrum8l@google.co.jp,Male,Afrikaans
311,Joela,Scottini,jscottini8m@printfriendly.com,Male,Hindi
312,Nikolos,Murthwaite,nmurthwaite8n@shop-pro.jp,Female,Albanian
313,Cesar,Deary,cdeary8o@oakley.com,Male,Luxembourgish
314,Fernanda,Gertray,fgertray8p@addtoany.com,Female,Zulu
315,Harry,Bubear,hbubear8q@netvibes.com,Female,Macedonian
316,Clo,Kitchinham,ckitchinham8r@omniture.com,Male,Assamese
317,Karil,Sauven,ksauven8s@ezinearticles.com,Female,Khmer
318,Haroun,Golborne,hgolborne8t@163.com,Female,Afrikaans
319,Remington,Oldford,roldford8u@virginia.edu,Male,Croatian
320,Madeline,Parriss,mparriss8v@accuweather.com,Male,Bengali
321,Lind,Blakeston,lblakeston8w@dmoz.org,Male,Yiddish
322,Derick,Matthiesen,dmatthiesen8x@seesaa.net,Male,Dhivehi
323,Stefa,Etherton,setherton8y@com.com,Male,Papiamento
324,Morganne,Gethins,mgethins8z@kickstarter.com,Female,Dari
325,Ofella,Fray,ofray90@google.com.hk,Female,Estonian
326,Marti,Whiff,mwhiff91@blogger.com,Female,Macedonian
327,Udall,Dobrovolski,udobrovolski92@zimbio.com,Male,Punjabi
328,Pauletta,Rosson,prosson93@arstechnica.com,Female,French
329,Yuri,Boumphrey,yboumphrey94@mediafire.com,Male,Tswana
330,Kermy,Bardsley,kbardsley95@discuz.net,Male,Czech
331,Consuelo,Vinsen,cvinsen96@pinterest.com,Male,Belarusian
332,Berkie,Pitkaithly,bpitkaithly97@patch.com,Male,New Zealand Sign Language
333,Pete,Pennicott,ppennicott98@flavors.me,Male,Tok Pisin
334,Lettie,Mumbeson,lmumbeson99@weather.com,Male,Armenian
335,Nappy,Coulman,ncoulman9a@nsw.gov.au,Female,Tok Pisin
336,Allie,Rennles,arennles9b@blinklist.com,Female,Tajik
337,Angelia,Kohrding,akohrding9c@barnesandnoble.com,Male,Azeri
338,Kaila,Brandino,kbrandino9d@ow.ly,Male,Persian
339,Henderson,Shackel,hshackel9e@guardian.co.uk,Female,Estonian
340,Tomasina,Dutteridge,tdutteridge9f@ifeng.com,Male,Norwegian
341,Lita,Goodright,lgoodright9g@twitpic.com,Female,Swedish
342,Joya,Chattaway,jchattaway9h@loc.gov,Female,Bengali
343,Giffie,Cubbini,gcubbini9i@amazon.co.jp,Female,Montenegrin
344,Agnola,Bartolomeo,abartolomeo9j@newsvine.com,Female,Portuguese
345,Travers,Pott,tpott9k@discovery.com,Female,Dutch
346,Thorvald,Billings,tbillings9l@loc.gov,Male,Burmese
347,Itch,Luttgert,iluttgert9m@flickr.com,Female,Lao
348,Pacorro,Ivasechko,pivasechko9n@bloglines.com,Female,Northern Sotho
349,Bax,Morant,bmorant9o@typepad.com,Male,Dzongkha
350,Arlyne,Khalid,akhalid9p@samsung.com,Female,Korean
351,Inge,Cluse,icluse9q@surveymonkey.com,Female,Albanian
352,Alon,Scrivenor,ascrivenor9r@cyberchimps.com,Male,Aymara
353,Brynn,Rasell,brasell9s@walmart.com,Male,Quechua
354,Demetris,Estcot,destcot9t@woothemes.com,Male,Aymara
355,Gabriell,Aliman,galiman9u@constantcontact.com,Male,Irish Gaelic
356,Witty,McBrearty,wmcbrearty9v@gravatar.com,Female,Zulu
357,Gaelan,Simpole,gsimpole9w@businessweek.com,Female,Pashto
358,Harrison,Theuss,htheuss9x@diigo.com,Male,Luxembourgish
359,Iseabal,Fulmen,ifulmen9y@surveymonkey.com,Male,Korean
360,Lizzy,Dussy,ldussy9z@wisc.edu,Male,Filipino
361,Dodi,Fidilis,dfidilisa0@theglobeandmail.com,Male,Bulgarian
362,Hulda,Grimolbie,hgrimolbiea1@state.tx.us,Male,Moldovan
363,Jennica,Chichgar,jchichgara2@google.cn,Male,Kyrgyz
364,Freeland,Lutzmann,flutzmanna3@prweb.com,Female,Dzongkha
365,Olwen,Summerskill,osummerskilla4@mapy.cz,Male,Hiri Motu
366,Koressa,Raecroft,kraecrofta5@nsw.gov.au,Male,Tajik
367,Barry,Windybank,bwindybanka6@nps.gov,Female,Norwegian
368,Faulkner,Scawen,fscawena7@xrea.com,Male,Armenian
369,Giordano,McKim,gmckima8@ucoz.ru,Male,German
370,Vladimir,Faire,vfairea9@aol.com,Male,Hindi
371,Perl,MacDowal,pmacdowalaa@mapy.cz,Male,Hungarian
372,Peggie,Lewin,plewinab@archive.org,Male,Kurdish
373,Ethelyn,Bowne,ebowneac@51.la,Female,Dhivehi
374,Chlo,Leachman,cleachmanad@mozilla.com,Female,Tajik
375,Gery,Bonett,gbonettae@ucoz.com,Male,Fijian
376,Zebedee,Kenworthy,zkenworthyaf@squidoo.com,Male,Azeri
377,Bibbye,Winsborrow,bwinsborrowag@sitemeter.com,Female,Guaraní
378,Sheelah,Pedri,spedriah@ebay.com,Male,Somali
379,Roxy,Phil,rphilai@howstuffworks.com,Male,Azeri
380,Gerick,Drawmer,gdrawmeraj@plala.or.jp,Female,Georgian
381,Else,Collocott,ecollocottak@friendfeed.com,Female,Sotho
382,Timmy,Kyberd,tkyberdal@newsvine.com,Female,Irish Gaelic
383,Gwenneth,Frosdick,gfrosdickam@ibm.com,Female,Khmer
384,Vlad,Pizzey,vpizzeyan@uol.com.br,Male,New Zealand Sign Language
385,Merrily,Pilcher,mpilcherao@about.com,Male,Hungarian
386,Felice,Edwin,fedwinap@usa.gov,Male,Malagasy
387,Kare,Bridgland,kbridglandaq@shinystat.com,Female,Danish
388,Garrott,Siggens,gsiggensar@nifty.com,Male,Swahili
389,Korry,Leversha,klevershaas@nydailynews.com,Male,Hungarian
390,Consuela,Laidler,claidlerat@aboutads.info,Female,Tsonga
391,Katie,Vasyatkin,kvasyatkinau@drupal.org,Female,Moldovan
392,Antony,Derrett,aderrettav@oracle.com,Female,Macedonian
393,Jordanna,Clappison,jclappisonaw@bravesites.com,Male,Malagasy
394,Gerry,Ashburner,gashburnerax@cdbaby.com,Male,Hiri Motu
395,Daria,Bretherick,dbretherickay@dyndns.org,Female,Tamil
396,Kingsly,Spong,kspongaz@nbcnews.com,Female,Bengali
397,Maggie,Mealiffe,mmealiffeb0@t.co,Male,Hebrew
398,Thom,Tourot,ttourotb1@auda.org.au,Female,Kazakh
399,Reggis,O'Donnell,rodonnellb2@nytimes.com,Male,Bosnian
400,Any,Pawlik,apawlikb3@blogspot.com,Male,Persian
401,Jasmin,Prine,jprineb4@mayoclinic.com,Female,Finnish
402,Aubry,Tutchings,atutchingsb5@house.gov,Female,Pashto
403,Kristos,Gerant,kgerantb6@hao123.com,Male,English
404,Darcy,Twine,dtwineb7@pen.io,Male,Spanish
405,Lauraine,Drinkeld,ldrinkeldb8@eepurl.com,Male,Macedonian
406,Sheela,Grover,sgroverb9@whitehouse.gov,Female,Macedonian
407,Doralynne,Notton,dnottonba@plala.or.jp,Female,Swahili
408,Baldwin,Livingstone,blivingstonebb@discuz.net,Female,Dutch
409,Eimile,Biglin,ebiglinbc@sitemeter.com,Male,Icelandic
410,Tiena,Guile,tguilebd@wsj.com,Male,Swati
411,Georgette,Curryer,gcurryerbe@creativecommons.org,Male,Papiamento
412,Alessandra,Chastey,achasteybf@nytimes.com,Female,Japanese
413,Jack,Winckworth,jwinckworthbg@upenn.edu,Female,Norwegian
414,Consuelo,Twede,ctwedebh@google.co.jp,Male,Czech
415,Eugene,Keenlayside,ekeenlaysidebi@google.co.uk,Male,Mongolian
416,Susi,Skamell,sskamellbj@buzzfeed.com,Female,Moldovan
417,Shirline,Durrand,sdurrandbk@digg.com,Male,Haitian Creole
418,Vincenz,Powlesland,vpowleslandbl@qq.com,Male,Icelandic
419,Leopold,Yell,lyellbm@de.vu,Male,Danish
420,Emmott,Murtagh,emurtaghbn@addthis.com,Male,Japanese
421,Francis,Beaument,fbeaumentbo@seattletimes.com,Male,Pashto
422,Zed,Guppie,zguppiebp@moonfruit.com,Female,Tsonga
423,Ingaberg,Towriss,itowrissbq@123-reg.co.uk,Male,Gagauz
424,Fredi,Itzik,fitzikbr@whitehouse.gov,Female,Czech
425,Oran,Mawd,omawdbs@ameblo.jp,Female,Māori
426,Norman,Hallbord,nhallbordbt@hhs.gov,Male,Dari
427,Rowney,Haddon,rhaddonbu@hibu.com,Male,Fijian
428,Filippa,Obin,fobinbv@amazon.co.uk,Female,German
429,Howard,Asty,hastybw@businesswire.com,Male,Hiri Motu
430,Bree,Barley,bbarleybx@ucla.edu,Male,Malay
431,Wat,Gindghill,wgindghillby@auda.org.au,Male,Italian
432,Mariellen,Aleksankov,maleksankovbz@moonfruit.com,Female,Tetum
433,Etheline,Sloat,esloatc0@163.com,Female,Maltese
434,Xerxes,Dellenbroker,xdellenbrokerc1@cnet.com,Female,Malayalam
435,Yoshi,Hallawell,yhallawellc2@arstechnica.com,Male,Tok Pisin
436,Clarke,Gaughan,cgaughanc3@spotify.com,Male,Quechua
437,Lorianna,Crauford,lcraufordc4@deliciousdays.com,Female,Belarusian
438,Lucio,Mayte,lmaytec5@hatena.ne.jp,Male,Aymara
439,Corliss,Kunz,ckunzc6@cnn.com,Male,Croatian
440,Dona,Lanktree,dlanktreec7@harvard.edu,Male,Swedish
441,Jarrett,Polk,jpolkc8@ftc.gov,Male,West Frisian
442,Daffi,Stockall,dstockallc9@wp.com,Female,Kashmiri
443,Erasmus,Colleymore,ecolleymoreca@reference.com,Female,Burmese
444,Sayer,Bailie,sbailiecb@noaa.gov,Female,Hebrew
445,Maddy,Glanders,mglanderscc@virginia.edu,Female,Marathi
446,Giustino,Poker,gpokercd@toplist.cz,Male,Persian
447,Di,Copper,dcopperce@rediff.com,Female,Dutch
448,Cullen,Sygrove,csygrovecf@angelfire.com,Female,Bosnian
449,Candice,Gribben,cgribbencg@bing.com,Female,Malagasy
450,Sandra,Mincini,smincinich@harvard.edu,Female,Northern Sotho
451,Andras,Franceschino,afranceschinoci@trellian.com,Female,Amharic
452,Diane,MacKeague,dmackeaguecj@w3.org,Male,Marathi
453,Sherry,Chapleo,schapleock@multiply.com,Female,Danish
454,Hazel,Leyshon,hleyshoncl@timesonline.co.uk,Male,Albanian
455,Adriaens,Carney,acarneycm@ox.ac.uk,Female,Fijian
456,Calhoun,Dimmick,cdimmickcn@symantec.com,Male,Greek
457,Gibb,Ambrogetti,gambrogettico@cbc.ca,Female,Swati
458,Kriste,Sugarman,ksugarmancp@economist.com,Male,Afrikaans
459,Danielle,Jannequin,djannequincq@vinaora.com,Female,Greek
460,Christiano,Moakes,cmoakescr@paginegialle.it,Female,Gagauz
461,Sigvard,Laing,slaingcs@fda.gov,Female,Maltese
462,Marina,Whaplington,mwhaplingtonct@google.com.br,Female,Luxembourgish
463,Sheela,Gorrie,sgorriecu@elpais.com,Female,Quechua
464,Jamaal,Hatfield,jhatfieldcv@webmd.com,Female,Gujarati
465,Marcile,Phillipp,mphillippcw@yellowpages.com,Male,Marathi
466,Barbee,Spyvye,bspyvyecx@networksolutions.com,Female,Māori
467,Leanor,Danilowicz,ldanilowiczcy@java.com,Female,German
468,Valida,Pirolini,vpirolinicz@i2i.jp,Male,Yiddish
469,Shaughn,Betje,sbetjed0@forbes.com,Male,Bulgarian
470,Aluino,Domenge,adomenged1@dagondesign.com,Male,Dzongkha
471,Kaylyn,McCall,kmccalld2@merriam-webster.com,Male,Papiamento
472,Humfrey,Asquez,hasquezd3@friendfeed.com,Female,Aymara
473,Raimund,Ege,reged4@sun.com,Female,Persian
474,Rafaelia,Blincowe,rblincowed5@nature.com,Female,Kazakh
475,Allyce,Twittey,atwitteyd6@twitter.com,Male,Kazakh
476,Ty,Blasius,tblasiusd7@bandcamp.com,Male,Japanese
477,Kelley,Minthorpe,kminthorped8@theguardian.com,Male,Swedish
478,Gino,Gayter,ggayterd9@blogs.com,Female,Korean
479,Humfrid,Akester,hakesterda@webeden.co.uk,Male,Bosnian
480,Victoir,Shurrock,vshurrockdb@craigslist.org,Male,Korean
481,Hetti,Aleveque,halevequedc@edublogs.org,Male,Afrikaans
482,Guy,Boylund,gboylunddd@gravatar.com,Female,Haitian Creole
483,Fiona,Caplin,fcaplinde@marriott.com,Male,Thai
484,Eloise,Issacof,eissacofdf@t.co,Male,Italian
485,Ad,Myerscough,amyerscoughdg@irs.gov,Male,Arabic
486,Kaitlyn,Leyborne,kleybornedh@shinystat.com,Male,Kyrgyz
487,Elmira,Readings,ereadingsdi@gmpg.org,Male,Hindi
488,Damita,Mc Curlye,dmccurlyedj@seesaa.net,Male,Japanese
489,Kalindi,McGuckin,kmcguckindk@theglobeandmail.com,Male,Nepali
490,Mellie,Dungey,mdungeydl@tumblr.com,Male,Hiri Motu
491,Nina,Bizley,nbizleydm@list-manage.com,Male,Albanian
492,Allianora,Tresise,atresisedn@quantcast.com,Female,Hebrew
493,Granger,Dominick,gdominickdo@about.me,Female,Persian
494,Randolph,Strettell,rstrettelldp@cisco.com,Female,Kannada
495,Chryste,Bushell,cbushelldq@i2i.jp,Female,Georgian
496,Reggi,Rattry,rrattrydr@wsj.com,Male,Maltese
497,Dalila,Indgs,dindgsds@cisco.com,Male,Lithuanian
498,Maitilde,Dengate,mdengatedt@sohu.com,Female,Yiddish
499,Cynthia,Diem,cdiemdu@va.gov,Female,Malayalam
500,Wat,Kermott,wkermottdv@simplemachines.org,Female,West Frisian
501,Grace,Venditti,gvendittidw@walmart.com,Female,Dari
502,Richmond,Potteridge,rpotteridgedx@about.me,Male,Finnish
503,Axe,Buyers,abuyersdy@hugedomains.com,Female,Indonesian
504,Lyman,Risborough,lrisboroughdz@nasa.gov,Male,Indonesian
505,Tyson,Badder,tbaddere0@icio.us,Male,Swahili
506,Rudy,Geeritz,rgeeritze1@unblog.fr,Male,Azeri
507,Rosy,Bestwick,rbestwicke2@fastcompany.com,Male,Pashto
508,Lulita,Broe,lbroee3@marketwatch.com,Male,Croatian
509,Britt,Pridgeon,bpridgeone4@jugem.jp,Female,Maltese
510,Lina,Wickey,lwickeye5@usda.gov,Male,Norwegian
511,Quinn,Bucke,qbuckee6@amazon.de,Female,Norwegian
512,Ansell,Lawlee,alawleee7@imageshack.us,Female,Tamil
513,Templeton,Ruggen,truggene8@unblog.fr,Male,Croatian
514,Cecelia,Melson,cmelsone9@flickr.com,Male,Kurdish
515,Ringo,Birdwhistell,rbirdwhistellea@indiatimes.com,Female,Oriya
516,Clint,Spain-Gower,cspaingowereb@vistaprint.com,Female,Hungarian
517,Claus,Tuck,ctuckec@ask.com,Female,Assamese
518,Carmencita,Tapton,ctaptoned@wikispaces.com,Female,Nepali
519,Hobart,Marginson,hmarginsonee@loc.gov,Female,Zulu
520,Brion,Covet,bcovetef@ibm.com,Female,Maltese
521,Aldo,Girauld,agirauldeg@jiathis.com,Male,German
522,Lorelle,Filpi,lfilpieh@1und1.de,Female,Yiddish
523,Letisha,Gleave,lgleaveei@bigcartel.com,Male,Japanese
524,Spike,Pierrepont,spierrepontej@senate.gov,Female,Fijian
525,Shannon,Laughlan,slaughlanek@tumblr.com,Female,Swati
526,Janela,Ivakhin,jivakhinel@biglobe.ne.jp,Female,Tajik
527,Waylon,Kubelka,wkubelkaem@google.fr,Female,Dzongkha
528,Colline,Grigolon,cgrigolonen@bigcartel.com,Female,Hebrew
529,Chelsy,Mould,cmouldeo@cmu.edu,Female,Punjabi
530,Ferne,Gremain,fgremainep@cafepress.com,Male,Quechua
531,Fitz,O' Connell,foconnelleq@behance.net,Female,Armenian
532,Adham,Ianelli,aianellier@squidoo.com,Female,Tajik
533,Fanechka,Body,fbodyes@prweb.com,Male,Polish
534,Nicky,Watting,nwattinget@trellian.com,Male,Belarusian
535,Jabez,Reihill,jreihilleu@epa.gov,Male,Spanish
536,Averil,Lowther,alowtherev@meetup.com,Male,Mongolian
537,Granthem,Parkeson,gparkesonew@jiathis.com,Female,Indonesian
538,Neddie,Tattam,ntattamex@loc.gov,Female,Belarusian
539,Carling,Bolte,cbolteey@4shared.com,Male,Somali
540,Naoma,Halpen,nhalpenez@wikia.com,Male,Nepali
541,Lorianne,Varnam,lvarnamf0@bandcamp.com,Male,German
542,Inga,Ratazzi,iratazzif1@free.fr,Male,West Frisian
543,Moises,Ludmann,mludmannf2@elpais.com,Female,Portuguese
544,Sarine,Limb,slimbf3@gizmodo.com,Male,Kashmiri
545,Denver,Nelsen,dnelsenf4@nih.gov,Male,Spanish
546,Hedvige,Olechnowicz,holechnowiczf5@de.vu,Female,Japanese
547,Candy,Cristofari,ccristofarif6@feedburner.com,Female,Amharic
548,Tiphany,Jeffree,tjeffreef7@smugmug.com,Female,Tsonga
549,Kipper,Martinek,kmartinekf8@tripadvisor.com,Female,Thai
550,Brianne,Krammer,bkrammerf9@163.com,Female,Belarusian
551,Chelsea,Garaway,cgarawayfa@businessweek.com,Female,Aymara
552,Bettina,Aleksandrikin,baleksandrikinfb@amazon.co.uk,Male,Fijian
553,Alvy,Hooks,ahooksfc@webeden.co.uk,Male,Spanish
554,Brendan,Hamblin,bhamblinfd@canalblog.com,Male,Italian
555,Roger,Swaite,rswaitefe@google.com.br,Male,English
556,Augustin,McPeake,amcpeakeff@ovh.net,Male,Macedonian
557,Tally,McMickan,tmcmickanfg@wisc.edu,Male,Greek
558,Tine,Colliss,tcollissfh@so-net.ne.jp,Female,Khmer
559,Ciel,Sandell,csandellfi@amazonaws.com,Female,Portuguese
560,Yvon,Mandrake,ymandrakefj@google.co.jp,Female,Somali
561,Zuzana,Coldrick,zcoldrickfk@thetimes.co.uk,Male,Dutch
562,Wanda,McLuckie,wmcluckiefl@discovery.com,Male,Mongolian
563,Weider,Ambrosch,wambroschfm@t.co,Female,Nepali
564,Shelley,Rishworth,srishworthfn@ezinearticles.com,Female,Kashmiri
565,Herb,Gurdon,hgurdonfo@livejournal.com,Female,Montenegrin
566,Whitman,Bignell,wbignellfp@devhub.com,Female,Oriya
567,Mina,Joysey,mjoyseyfq@com.com,Female,West Frisian
568,Lindy,Erratt,lerrattfr@fema.gov,Male,Lithuanian
569,Neilla,Probets,nprobetsfs@t.co,Female,Danish
570,Kristofor,Keough,kkeoughft@psu.edu,Male,Mongolian
571,Lurleen,Scandwright,lscandwrightfu@europa.eu,Female,Malayalam
572,Krishnah,McCloughlin,kmccloughlinfv@hao123.com,Male,Khmer
573,Alphard,Lushey,alusheyfw@shinystat.com,Male,Latvian
574,Flor,Grigoliis,fgrigoliisfx@blog.com,Male,Croatian
575,Callida,Bau,cbaufy@macromedia.com,Female,Zulu
576,Winnie,Durbann,wdurbannfz@geocities.com,Female,Aymara
577,Alleyn,Bampton,abamptong0@people.com.cn,Male,Spanish
578,Town,Strotton,tstrottong1@google.ru,Male,Macedonian
579,Carlin,Ceccoli,cceccolig2@phpbb.com,Male,Lithuanian
580,Cherise,Dunlop,cdunlopg3@domainmarket.com,Male,Haitian Creole
581,Orbadiah,Jacques,ojacquesg4@1688.com,Male,Malay
582,Ainslie,Klee,akleeg5@prweb.com,Female,Spanish
583,Garey,MacPhail,gmacphailg6@sourceforge.net,Female,Tetum
584,Leigha,Sisland,lsislandg7@nps.gov,Male,West Frisian
585,Robinia,Lemmens,rlemmensg8@soundcloud.com,Female,Georgian
586,Ingaborg,Yaakov,iyaakovg9@gnu.org,Male,Catalan
587,Vincenty,Lambdin,vlambdinga@aol.com,Male,Māori
588,Arleyne,Morstatt,amorstattgb@tinyurl.com,Female,Afrikaans
589,Hirsch,Tomney,htomneygc@weibo.com,Male,Afrikaans
590,Niven,Perrottet,nperrottetgd@disqus.com,Female,Catalan
591,Cobb,Shenley,cshenleyge@angelfire.com,Female,German
592,Whitney,Sowersby,wsowersbygf@jalbum.net,Female,Indonesian
593,Everett,Phettiplace,ephettiplacegg@earthlink.net,Female,Icelandic
594,Maynord,Greenhead,mgreenheadgh@4shared.com,Male,Kannada
595,Deidre,Gregorowicz,dgregorowiczgi@histats.com,Male,Lao
596,Cher,Yateman,cyatemangj@about.com,Male,Bislama
597,Dale,Lambot,dlambotgk@wisc.edu,Female,Punjabi
598,Nadia,Northbridge,nnorthbridgegl@amazon.co.jp,Female,Pashto
599,Shir,Rottenbury,srottenburygm@mapy.cz,Male,Mongolian
600,Shina,Shurmore,sshurmoregn@imgur.com,Male,Punjabi
601,Mina,Cattow,mcattowgo@qq.com,Male,Telugu
602,Biddy,Millwall,bmillwallgp@tamu.edu,Female,Marathi
603,Eal,Ashenhurst,eashenhurstgq@google.co.jp,Male,Hindi
604,Genevieve,Haisell,ghaisellgr@ustream.tv,Female,Malagasy
605,Georgeta,Challice,gchallicegs@usatoday.com,Male,Armenian
606,Charisse,Butland,cbutlandgt@sourceforge.net,Female,Oriya
607,Tanney,Mayman,tmaymangu@nytimes.com,Female,Dari
608,Norton,Goodluck,ngoodluckgv@drupal.org,Female,Papiamento
609,Madel,Middleton,mmiddletongw@dot.gov,Female,Luxembourgish
610,Alva,Eyrl,aeyrlgx@chronoengine.com,Female,Hungarian
611,Lisle,Bellison,lbellisongy@businessweek.com,Male,Georgian
612,Horatia,Towson,htowsongz@4shared.com,Female,Māori
613,Ricoriki,Hollebon,rhollebonh0@twitpic.com,Male,Burmese
614,Tallie,Matiebe,tmatiebeh1@time.com,Male,Romanian
615,Brand,Francino,bfrancinoh2@cyberchimps.com,Male,Amharic
616,Solly,Anthes,santhesh3@discuz.net,Male,Dari
617,Kizzie,Chasier,kchasierh4@acquirethisname.com,Female,German
618,Cassandra,Conre,cconreh5@godaddy.com,Male,Polish
619,Georgeanna,Lovejoy,glovejoyh6@cbslocal.com,Female,Swati
620,Maris,Lindenbluth,mlindenbluthh7@vimeo.com,Male,Filipino
621,Glynnis,Bugden,gbugdenh8@fastcompany.com,Male,Swati
622,Stanislaus,Brearton,sbreartonh9@unesco.org,Female,Malay
623,Norina,Ashwin,nashwinha@friendfeed.com,Male,Punjabi
624,Dulce,Maffin,dmaffinhb@hhs.gov,Female,New Zealand Sign Language
625,Marieann,Pendered,mpenderedhc@webeden.co.uk,Male,Italian
626,Roana,Maccree,rmaccreehd@eventbrite.com,Male,Swedish
627,Merissa,Summerbell,msummerbellhe@bbb.org,Female,Tok Pisin
628,Valida,Mansbridge,vmansbridgehf@dailymotion.com,Male,Persian
629,Christin,Jorat,cjorathg@ft.com,Female,Korean
630,Lothaire,Kollatsch,lkollatschhh@go.com,Female,Lao
631,Felipa,Hurling,fhurlinghi@symantec.com,Female,Icelandic
632,Addy,Biggans,abigganshj@google.com.au,Female,Belarusian
633,Gardner,Roch,grochhk@bloomberg.com,Female,Catalan
634,Marsiella,Battams,mbattamshl@wp.com,Female,Icelandic
635,Sinclare,Durgan,sdurganhm@trellian.com,Female,Ndebele
636,Moses,Harbar,mharbarhn@oracle.com,Female,Montenegrin
637,Antoine,Verduin,averduinho@youtube.com,Female,English
638,Reine,Brayn,rbraynhp@youku.com,Male,Guaraní
639,Robinette,Ronan,rronanhq@wordpress.com,Female,Fijian
640,Corilla,Masdon,cmasdonhr@tripadvisor.com,Male,Greek
641,Ginni,Bes,gbeshs@princeton.edu,Female,Malayalam
642,Timotheus,Dearing,tdearinght@google.com.br,Female,Lithuanian
643,Tedra,Spering,tsperinghu@networkadvertising.org,Male,Zulu
644,Dru,Beggi,dbeggihv@example.com,Male,Haitian Creole
645,Doralyn,MacAscaidh,dmacascaidhhw@shareasale.com,Female,Lao
646,Hansiain,Streeter,hstreeterhx@free.fr,Female,Portuguese
647,Goldia,Janman,gjanmanhy@psu.edu,Female,Māori
648,Tobe,Sommers,tsommershz@unicef.org,Male,Tajik
649,Tomas,Novelli,tnovellii0@ucla.edu,Male,Thai
650,Benny,Tinto,btintoi1@diigo.com,Male,Kannada
651,Tami,Vickery,tvickeryi2@pinterest.com,Female,Georgian
652,Kyla,Scole,kscolei3@edublogs.org,Female,Haitian Creole
653,Locke,Luchetti,lluchettii4@dedecms.com,Male,Belarusian
654,Aron,Pherps,apherpsi5@dell.com,Female,Danish
655,Jermaine,Janak,jjanaki6@fotki.com,Female,Indonesian
656,Clarisse,Babe,cbabei7@noaa.gov,Female,Dzongkha
657,Silvia,Comi,scomii8@printfriendly.com,Male,Swedish
658,Jory,Shopcott,jshopcotti9@scientificamerican.com,Female,French
659,Giorgia,Evert,gevertia@prnewswire.com,Male,Portuguese
660,Abbey,Putt,aputtib@hexun.com,Male,Kashmiri
661,Cesya,Golling,cgollingic@webmd.com,Male,Irish Gaelic
662,Anallise,Bleackley,ableackleyid@google.pl,Female,Azeri
663,Lenard,Crabb,lcrabbie@ning.com,Female,Kannada
664,Yoshi,Romi,yromiif@livejournal.com,Female,Hindi
665,Barry,Pickthorne,bpickthorneig@technorati.com,Male,Georgian
666,Clim,Yanin,cyaninih@ca.gov,Male,Italian
667,Geoffry,Slany,gslanyii@wikispaces.com,Female,Amharic
668,Hazlett,Nestle,hnestleij@51.la,Female,Latvian
669,Danice,Criple,dcripleik@nih.gov,Female,Azeri
670,Nessi,Leverette,nleveretteil@csmonitor.com,Female,Georgian
671,Onfre,MacPaike,omacpaikeim@forbes.com,Female,Tswana
672,Hamil,Leighfield,hleighfieldin@creativecommons.org,Female,Hiri Motu
673,Muhammad,Bebbell,mbebbellio@usda.gov,Male,Thai
674,Marty,Grunwall,mgrunwallip@theglobeandmail.com,Male,Italian
675,Roddie,Bolsteridge,rbolsteridgeiq@simplemachines.org,Male,Quechua
676,Estel,Borleace,eborleaceir@slashdot.org,Female,Bislama
677,Fanny,Arnault,farnaultis@adobe.com,Female,Hiri Motu
678,Hugibert,Deane,hdeaneit@tiny.cc,Female,Luxembourgish
679,Christos,Franzman,cfranzmaniu@issuu.com,Female,Lithuanian
680,Bibby,Stanlock,bstanlockiv@yale.edu,Male,Tetum
681,Brit,Crimes,bcrimesiw@xrea.com,Male,Kannada
682,Constantia,Seiller,cseillerix@nationalgeographic.com,Male,Montenegrin
683,Grenville,Dabling,gdablingiy@goodreads.com,Female,Croatian
684,Morena,Bendley,mbendleyiz@exblog.jp,Male,Estonian
685,Neel,Tolerton,ntolertonj0@etsy.com,Female,Spanish
686,Sascha,Wissbey,swissbeyj1@fema.gov,Male,French
687,Chip,Ireland,cirelandj2@engadget.com,Male,Indonesian
688,Baily,Jorioz,bjoriozj3@google.fr,Male,Telugu
689,Cornie,Shambrook,cshambrookj4@hc360.com,Female,Northern Sotho
690,Fayre,Kynoch,fkynochj5@geocities.com,Male,Luxembourgish
691,Flory,Baulcombe,fbaulcombej6@exblog.jp,Male,Nepali
692,Beverlee,Barefoot,bbarefootj7@bravesites.com,Female,Somali
693,Garrik,Schimon,gschimonj8@bloglovin.com,Male,Malay
694,Tallie,Hayward,thaywardj9@webnode.com,Male,Spanish
695,Constantina,Clemencon,cclemenconja@psu.edu,Male,Icelandic
696,Randy,Killshaw,rkillshawjb@barnesandnoble.com,Male,Kannada
697,Gilbert,Rhucroft,grhucroftjc@chron.com,Female,Amharic
698,Lindsey,Gouldstone,lgouldstonejd@amazon.co.jp,Male,Kashmiri
699,Quentin,Lowles,qlowlesje@cbslocal.com,Male,Gujarati
700,Obed,Squier,osquierjf@slate.com,Male,Indonesian
701,Lodovico,Sholem,lsholemjg@utexas.edu,Male,Hiri Motu
702,Serena,Sturton,ssturtonjh@usda.gov,Female,Malagasy
703,Dorey,Tellenbrook,dtellenbrookji@ihg.com,Male,Montenegrin
704,Shelden,Merck,smerckjj@hc360.com,Male,Tamil
705,Giulietta,Battaille,gbattaillejk@instagram.com,Female,Luxembourgish
706,Delores,Wisdish,dwisdishjl@bbb.org,Female,Montenegrin
707,Avrom,Tighe,atighejm@dagondesign.com,Male,Papiamento
708,Mirelle,Woodrup,mwoodrupjn@photobucket.com,Female,Tamil
709,Rosie,Extance,rextancejo@ebay.com,Female,Estonian
710,Bettye,Sherewood,bsherewoodjp@pcworld.com,Female,Kurdish
711,Bobbee,Haggerston,bhaggerstonjq@w3.org,Female,Malay
712,Roxie,Stutard,rstutardjr@unc.edu,Male,Dzongkha
713,Emmey,Dussy,edussyjs@fotki.com,Male,Moldovan
714,Richie,Londesborough,rlondesboroughjt@cocolog-nifty.com,Female,Hungarian
715,Maighdiln,Poulson,mpoulsonju@artisteer.com,Male,Latvian
716,Stearne,Boal,sboaljv@youtube.com,Female,Oriya
717,Eveline,Naisby,enaisbyjw@ebay.co.uk,Male,Bulgarian
718,Elsy,Hammerberg,ehammerbergjx@shareasale.com,Female,Aymara
719,Sheilah,Bonnier,sbonnierjy@wordpress.com,Female,Arabic
720,Lynna,Sheerman,lsheermanjz@unc.edu,Male,Quechua
721,Isabelle,Lamps,ilampsk0@telegraph.co.uk,Male,Persian
722,Aldus,Estabrook,aestabrookk1@japanpost.jp,Female,Afrikaans
723,Robin,Pedrollo,rpedrollok2@ed.gov,Female,Thai
724,Tadeo,O'Donnelly,todonnellyk3@trellian.com,Male,Kyrgyz
725,Kai,Aneley,kaneleyk4@state.tx.us,Female,Tok Pisin
726,Thayne,Roma,tromak5@skype.com,Female,Swati
727,Hedda,Delatour,hdelatourk6@accuweather.com,Female,Khmer
728,Borg,Raynes,braynesk7@theatlantic.com,Female,Assamese
729,Shannan,Renny,srennyk8@squarespace.com,Female,Nepali
730,Karole,St. Quentin,kstquentink9@uol.com.br,Male,Pashto
731,Weider,Dradey,wdradeyka@marriott.com,Female,Swedish
732,Freedman,Casin,fcasinkb@salon.com,Male,Kannada
733,Corenda,Leahey,cleaheykc@wordpress.com,Male,Marathi
734,Edlin,Lethbrig,elethbrigkd@cyberchimps.com,Male,Dzongkha
735,Arni,Sargood,asargoodke@scribd.com,Female,Maltese
736,Pinchas,Le Sarr,plesarrkf@arstechnica.com,Female,Somali
737,Jojo,Valintine,jvalintinekg@comcast.net,Female,Tajik
738,Phyllida,Trundle,ptrundlekh@canalblog.com,Female,Mongolian
739,Marice,Theakston,mtheakstonki@dot.gov,Male,Khmer
740,Olivette,Franzman,ofranzmankj@amazon.co.uk,Female,Norwegian
741,Ingelbert,Rebert,irebertkk@posterous.com,Female,Kazakh
742,Mirella,MacGillacolm,mmacgillacolmkl@spotify.com,Male,Malay
743,Tessi,Dohrmann,tdohrmannkm@hibu.com,Female,Irish Gaelic
744,Helenelizabeth,Dancer,hdancerkn@unblog.fr,Male,Dutch
745,Sada,Blakely,sblakelyko@odnoklassniki.ru,Male,Malay
746,Pepito,Keyhoe,pkeyhoekp@craigslist.org,Female,Northern Sotho
747,Pascal,Dukes,pdukeskq@reuters.com,Male,Kannada
748,Bendicty,McClory,bmcclorykr@homestead.com,Female,Gujarati
749,Dulcine,Humm,dhummks@skyrock.com,Female,Latvian
750,Clea,Fourcade,cfourcadekt@ning.com,Male,Kyrgyz
751,Carlos,Dami,cdamiku@4shared.com,Female,Bislama
752,Gustaf,Dugdale,gdugdalekv@eepurl.com,Female,Kyrgyz
753,Padriac,Duckerin,pduckerinkw@last.fm,Female,Tok Pisin
754,Adolph,Barden,abardenkx@washington.edu,Female,Quechua
755,Josephine,Burry,jburryky@intel.com,Female,Moldovan
756,Meghann,Sugge,msuggekz@yelp.com,Male,Kashmiri
757,Donalt,Phillipson,dphillipsonl0@seattletimes.com,Male,Hungarian
758,Jania,Bonass,jbonassl1@pcworld.com,Female,Swedish
759,Anallese,Stacy,astacyl2@delicious.com,Male,Belarusian
760,Hamilton,Lillo,hlillol3@php.net,Female,Nepali
761,Doralia,Grayland,dgraylandl4@constantcontact.com,Male,Afrikaans
762,Letti,Salsbury,lsalsburyl5@hud.gov,Male,Quechua
763,Zitella,Eirwin,zeirwinl6@wisc.edu,Female,Latvian
764,Phillipp,Tregale,ptregalel7@nba.com,Female,Dari
765,Nickey,Screas,nscreasl8@wikispaces.com,Male,Kannada
766,Bron,Duffan,bduffanl9@homestead.com,Male,Spanish
767,Nicko,Poure,npourela@cbc.ca,Male,Indonesian
768,Annabel,Shackell,ashackelllb@abc.net.au,Female,Somali
769,Ameline,Lepard,alepardlc@discuz.net,Female,Spanish
770,Percy,Vizor,pvizorld@google.co.jp,Male,Tamil
771,Isa,Ruppele,iruppelele@sciencedirect.com,Female,Kannada
772,Francois,Soane,fsoanelf@mediafire.com,Male,Bosnian
773,Stanford,Vallentin,svallentinlg@bluehost.com,Female,Punjabi
774,Wat,Penney,wpenneylh@time.com,Male,Hindi
775,Merralee,Matten,mmattenli@w3.org,Male,Danish
776,Ferdy,Domenichini,fdomenichinilj@istockphoto.com,Female,Finnish
777,Valida,Cubitt,vcubittlk@dailymotion.com,Female,Irish Gaelic
778,Welby,Crossby,wcrossbyll@google.es,Female,Somali
779,Claire,Paver,cpaverlm@yandex.ru,Female,Quechua
780,Rosabel,Philippou,rphilippouln@earthlink.net,Female,West Frisian
781,Fredi,Hars,fharslo@jalbum.net,Female,Maltese
782,Amalia,Joburn,ajoburnlp@soup.io,Male,Tswana
783,Hadlee,Smedmoor,hsmedmoorlq@hhs.gov,Female,Marathi
784,Almire,Stemp,astemplr@facebook.com,Male,Dhivehi
785,Ruby,Peers,rpeersls@surveymonkey.com,Male,Romanian
786,Mitchael,Bettesworth,mbettesworthlt@buzzfeed.com,Female,Pashto
787,Ellis,Jacquest,ejacquestlu@weather.com,Female,Bengali
788,Charline,Corbould,ccorbouldlv@ucoz.ru,Male,Hindi
789,Lazaro,Rasor,lrasorlw@stanford.edu,Female,Tamil
790,Ichabod,Boughtflower,iboughtflowerlx@last.fm,Female,Haitian Creole
791,Gaby,Losseljong,glosseljongly@nature.com,Male,Oriya
792,Catharine,Radwell,cradwelllz@uol.com.br,Female,Indonesian
793,Greggory,Behnecke,gbehneckem0@statcounter.com,Female,Lao
794,Gracia,Stygall,gstygallm1@webnode.com,Female,Nepali
795,Arlan,Dyott,adyottm2@symantec.com,Male,Telugu
796,Gabriell,Vango,gvangom3@squidoo.com,Female,Italian
797,Jamaal,Stebbings,jstebbingsm4@webs.com,Male,Persian
798,Ogdan,Siberry,osiberrym5@ox.ac.uk,Female,Moldovan
799,Mareah,Berthomieu,mberthomieum6@mayoclinic.com,Male,Zulu
800,Bondie,Odlin,bodlinm7@oracle.com,Male,Thai
801,Lauree,Bromehead,lbromeheadm8@miitbeian.gov.cn,Female,West Frisian
802,Ilyssa,Bracco,ibraccom9@zimbio.com,Female,Arabic
803,Purcell,Domenichelli,pdomenichellima@liveinternet.ru,Male,Dari
804,Bill,Colbron,bcolbronmb@newsvine.com,Female,Filipino
805,Emlyn,De la Feld,edelafeldmc@vkontakte.ru,Male,Dzongkha
806,Clive,Nestoruk,cnestorukmd@qq.com,Female,Kazakh
807,Toma,Woodhouse,twoodhouseme@tiny.cc,Male,Polish
808,Tove,Rediers,trediersmf@ucla.edu,Female,Tok Pisin
809,Allard,Avrasin,aavrasinmg@printfriendly.com,Male,Dutch
810,Yuma,Udell,yudellmh@apple.com,Male,Hungarian
811,Tresa,Worral,tworralmi@google.com.br,Male,Mongolian
812,Diane-marie,Hallgate,dhallgatemj@youku.com,Female,Hebrew
813,Fitzgerald,Ocheltree,focheltreemk@boston.com,Female,Armenian
814,Marrilee,Shilton,mshiltonml@seesaa.net,Male,Tajik
815,Thomas,Francillo,tfrancillomm@guardian.co.uk,Female,Dzongkha
816,Ami,Symson,asymsonmn@shop-pro.jp,Male,Catalan
817,Sidnee,Pelchat,spelchatmo@mapquest.com,Male,Tamil
818,Tristan,Arnaldi,tarnaldimp@pbs.org,Male,Zulu
819,Madel,Eskrigge,meskriggemq@imageshack.us,Female,Sotho
820,Tymon,Bock,tbockmr@nba.com,Male,Assamese
821,Etty,Pirolini,epirolinims@eventbrite.com,Female,Maltese
822,Caritta,Mapston,cmapstonmt@google.ca,Male,Korean
823,Reece,McGeachy,rmcgeachymu@opensource.org,Female,Maltese
824,Robbi,Presslee,rpressleemv@drupal.org,Male,Tok Pisin
825,Marinna,Elen,melenmw@hud.gov,Female,Quechua
826,Clarice,Rivenzon,crivenzonmx@home.pl,Female,Albanian
827,Luke,Wolseley,lwolseleymy@state.gov,Female,Nepali
828,Karlotte,Hyatt,khyattmz@mlb.com,Female,Khmer
829,Kasper,Greggersen,kgreggersenn0@samsung.com,Female,Malagasy
830,Gus,Goggin,ggogginn1@zdnet.com,Male,Lithuanian
831,Yetty,Sprason,ysprasonn2@si.edu,Female,Portuguese
832,Keene,Hayland,khaylandn3@topsy.com,Female,Korean
833,Orly,McQuarrie,omcquarrien4@harvard.edu,Female,Czech
834,Tiena,Doerr,tdoerrn5@google.co.jp,Female,Gujarati
835,Yardley,Locks,ylocksn6@woothemes.com,Male,Malayalam
836,Ulrikaumeko,Ekkel,uekkeln7@biblegateway.com,Female,Oriya
837,Coreen,Warbey,cwarbeyn8@oracle.com,Female,Moldovan
838,Dannie,McNeilley,dmcneilleyn9@dailymotion.com,Male,Bislama
839,Ash,Eloy,aeloyna@e-recht24.de,Male,Irish Gaelic
840,Ardelis,Lighten,alightennb@alexa.com,Male,Czech
841,Matty,Dahill,mdahillnc@clickbank.net,Female,Spanish
842,Deedee,Shakeshaft,dshakeshaftnd@phpbb.com,Female,Bosnian
843,Alyce,Fandrich,afandrichne@wufoo.com,Female,Dutch
844,Urbano,Boar,uboarnf@auda.org.au,Female,Polish
845,Aviva,Coveny,acovenyng@ucsd.edu,Female,Moldovan
846,Saw,O'dell,sodellnh@earthlink.net,Male,Gujarati
847,Tam,Drissell,tdrissellni@fastcompany.com,Male,Telugu
848,Elwira,Van Salzberger,evansalzbergernj@aboutads.info,Female,Kashmiri
849,Eleanore,Obbard,eobbardnk@de.vu,Female,Dzongkha
850,Broderic,Duiguid,bduiguidnl@artisteer.com,Male,Lithuanian
851,Wanda,Elsey,welseynm@amazonaws.com,Female,Macedonian
852,Morton,Lever,mlevernn@japanpost.jp,Female,Burmese
853,Granville,Booeln,gbooelnno@biglobe.ne.jp,Male,Albanian
854,Michell,Skippings,mskippingsnp@theglobeandmail.com,Female,Malayalam
855,Graeme,Eayres,geayresnq@joomla.org,Male,Icelandic
856,Elora,Crumby,ecrumbynr@exblog.jp,Male,Portuguese
857,Carmina,McCullen,cmccullenns@imageshack.us,Male,Lao
858,Lesley,Chaffen,lchaffennt@wp.com,Male,Portuguese
859,Rosalinda,Mazzey,rmazzeynu@utexas.edu,Female,Icelandic
860,Juliana,Filippucci,jfilippuccinv@statcounter.com,Male,Gujarati
861,Buck,Dimitrescu,bdimitrescunw@cbslocal.com,Male,Mongolian
862,Boote,McGiven,bmcgivennx@sogou.com,Male,Hebrew
863,Ellie,oldey,eoldeyny@ted.com,Female,Romanian
864,Calli,Fretter,cfretternz@artisteer.com,Female,Latvian
865,Pavla,Crake,pcrakeo0@exblog.jp,Male,Spanish
866,Glynnis,Clerc,gclerco1@yolasite.com,Female,Swedish
867,Charmane,Downes,cdowneso2@a8.net,Male,Albanian
868,Colan,Martinez,cmartinezo3@netscape.com,Male,Estonian
869,Perl,Saker,psakero4@buzzfeed.com,Male,Hebrew
870,Buck,Willmont,bwillmonto5@who.int,Male,Papiamento
871,Rowland,Penright,rpenrighto6@techcrunch.com,Female,Czech
872,Amil,Harvison,aharvisono7@mayoclinic.com,Female,Guaraní
873,Vasili,Bordone,vbordoneo8@oaic.gov.au,Female,Spanish
874,Tris,Rysom,trysomo9@google.it,Male,Sotho
875,Sheffield,Toppin,stoppinoa@opensource.org,Male,Swati
876,Hilary,Moquin,hmoquinob@apple.com,Male,French
877,Aigneis,Vedmore,avedmoreoc@ucsd.edu,Male,Hebrew
878,Sadella,Taffurelli,staffurelliod@joomla.org,Female,Italian
879,Cedric,Brinicombe,cbrinicombeoe@usnews.com,Female,Georgian
880,Raul,Poynton,rpoyntonof@spotify.com,Female,Khmer
881,Candy,Torresi,ctorresiog@hao123.com,Female,West Frisian
882,Collette,Dodimead,cdodimeadoh@discovery.com,Female,Amharic
883,Corissa,Perrottet,cperrottetoi@dmoz.org,Female,Spanish
884,Jere,Harker,jharkeroj@shinystat.com,Male,Khmer
885,Jose,Milmo,jmilmook@redcross.org,Male,Gujarati
886,Nikolia,Peteri,npeteriol@shinystat.com,Male,Mongolian
887,Joey,Dairton,jdairtonom@blinklist.com,Male,Armenian
888,Jena,Biner,jbineron@va.gov,Female,Gagauz
889,Benjamin,Burfoot,bburfootoo@about.me,Female,Māori
890,Roxana,Flaverty,rflavertyop@blogs.com,Male,Papiamento
891,Lani,Kelloch,lkellochoq@istockphoto.com,Female,Kyrgyz
892,Christie,Merkle,cmerkleor@army.mil,Female,Afrikaans
893,Patrizius,Hampshaw,phampshawos@taobao.com,Female,Indonesian
894,Brien,Butterworth,bbutterworthot@biblegateway.com,Female,Catalan
895,Eba,Godlee,egodleeou@hostgator.com,Female,Tetum
896,Brook,Eaglesham,beagleshamov@ezinearticles.com,Female,Portuguese
897,Laurence,Iapico,liapicoow@ycombinator.com,Male,Spanish
898,Kimmi,Fairebrother,kfairebrotherox@ustream.tv,Male,Quechua
899,Adamo,Wolfenden,awolfendenoy@yahoo.com,Male,Luxembourgish
900,Lyon,Wasteney,lwasteneyoz@dailymail.co.uk,Male,Assamese
901,Gaultiero,Bigadike,gbigadikep0@chicagotribune.com,Female,Assamese
902,Willard,Reinard,wreinardp1@microsoft.com,Male,Fijian
903,Nissa,Blezard,nblezardp2@godaddy.com,Male,Luxembourgish
904,Ardenia,Fadden,afaddenp3@utexas.edu,Male,Catalan
905,Row,Battison,rbattisonp4@unblog.fr,Female,Aymara
906,Jock,Docharty,jdochartyp5@exblog.jp,Male,Danish
907,Iggy,Given,igivenp6@yellowbook.com,Female,Dzongkha
908,Zola,Mackriell,zmackriellp7@mapy.cz,Male,Bulgarian
909,Hymie,Weeds,hweedsp8@wikia.com,Female,Indonesian
910,Daisie,Holleworth,dholleworthp9@blogs.com,Female,Hebrew
911,Rodina,Trudgeon,rtrudgeonpa@cyberchimps.com,Female,Burmese
912,Vittorio,Stanesby,vstanesbypb@npr.org,Male,Swedish
913,Shanon,Bilbrook,sbilbrookpc@cdc.gov,Female,Portuguese
914,Sherlocke,Jurs,sjurspd@hhs.gov,Female,Sotho
915,Viki,Probate,vprobatepe@scientificamerican.com,Male,English
916,Niels,Godney,ngodneypf@wisc.edu,Male,Pashto
917,Edna,Elvidge,eelvidgepg@furl.net,Female,Irish Gaelic
918,Lynnelle,Kimmitt,lkimmittph@xinhuanet.com,Female,Hungarian
919,Yetty,Geal,ygealpi@elegantthemes.com,Male,Yiddish
920,Codi,Audrey,caudreypj@house.gov,Female,Pashto
921,Lynn,Dayer,ldayerpk@facebook.com,Female,Papiamento
922,Collette,Giorio,cgioriopl@123-reg.co.uk,Male,French
923,Ree,Scammell,rscammellpm@github.io,Male,Korean
924,Enrique,Allpress,eallpresspn@craigslist.org,Male,Greek
925,Bobbye,Seadon,bseadonpo@devhub.com,Male,Malagasy
926,Cosimo,MacLucais,cmaclucaispp@house.gov,Male,Italian
927,Prince,Tweed,ptweedpq@altervista.org,Female,Tok Pisin
928,John,Arnopp,jarnopppr@furl.net,Female,Māori
929,Cazzie,Serris,cserrisps@army.mil,Female,Lao
930,Goldarina,Savell,gsavellpt@people.com.cn,Female,Haitian Creole
931,Row,Sallarie,rsallariepu@scientificamerican.com,Female,Punjabi
932,Robers,Durkin,rdurkinpv@fc2.com,Male,Hiri Motu
933,Miran,Treneer,mtreneerpw@shareasale.com,Male,German
934,Jaime,Glennie,jglenniepx@chronoengine.com,Male,Dzongkha
935,Sherry,Crothers,scrotherspy@mayoclinic.com,Male,Nepali
936,Reuben,Tolomei,rtolomeipz@prnewswire.com,Female,Oriya
937,Roda,Dhennin,rdhenninq0@cdc.gov,Female,Nepali
938,Sonnie,Nason,snasonq1@vkontakte.ru,Male,Kurdish
939,Orlan,Calendar,ocalendarq2@jiathis.com,Male,Icelandic
940,Hurlee,Ovenell,hovenellq3@wisc.edu,Male,Fijian
941,Katerina,Devanny,kdevannyq4@taobao.com,Male,Mongolian
942,Leontine,MacGregor,lmacgregorq5@yale.edu,Male,Sotho
943,Bink,Heathcott,bheathcottq6@youtu.be,Female,Malayalam
944,Jackson,Scothron,jscothronq7@wunderground.com,Male,Malay
945,Brena,Skill,bskillq8@yale.edu,Male,Kashmiri
946,Camella,Twizell,ctwizellq9@cnet.com,Male,Kurdish
947,Clemmy,Sloane,csloaneqa@europa.eu,Male,Mongolian
948,Darlleen,Micheli,dmicheliqb@wikipedia.org,Male,Croatian
949,La verne,Robertsen,lrobertsenqc@java.com,Female,Latvian
950,Nickolaus,Klainer,nklainerqd@discuz.net,Female,Croatian
951,Cly,Benford,cbenfordqe@wordpress.com,Male,Montenegrin
952,Koralle,Darrel,kdarrelqf@engadget.com,Male,Tswana
953,Oran,Esmond,oesmondqg@sbwire.com,Female,Moldovan
954,Brendin,Seeborne,bseeborneqh@dell.com,Male,Kurdish
955,Barry,Haines,bhainesqi@google.es,Male,Dhivehi
956,Madelina,Dain,mdainqj@4shared.com,Female,Lao
957,Rory,Cashley,rcashleyqk@eventbrite.com,Male,Malagasy
958,Josee,Wife,jwifeql@wsj.com,Male,Filipino
959,Elsi,Eckert,eeckertqm@artisteer.com,Male,Norwegian
960,Amalee,Beastall,abeastallqn@chronoengine.com,Female,Luxembourgish
961,Kathi,Dick,kdickqo@examiner.com,Male,Bosnian
962,Lucia,Cammidge,lcammidgeqp@npr.org,Male,Kannada
963,Iago,Danielis,idanielisqq@facebook.com,Male,Irish Gaelic
964,Trudi,Askew,taskewqr@soundcloud.com,Female,Latvian
965,Pattie,Coltherd,pcoltherdqs@umn.edu,Female,Thai
966,Dierdre,Dregan,ddreganqt@php.net,Male,Somali
967,Aileen,Saunper,asaunperqu@soundcloud.com,Female,Finnish
968,Gillie,Slane,gslaneqv@newsvine.com,Female,Dzongkha
969,Alistair,Trubshawe,atrubshaweqw@dyndns.org,Male,Korean
970,Susannah,Brahmer,sbrahmerqx@merriam-webster.com,Female,German
971,Felita,Nightingale,fnightingaleqy@usgs.gov,Female,Japanese
972,Brant,Turn,bturnqz@tumblr.com,Male,Somali
973,Donavon,Tetsall,dtetsallr0@yahoo.com,Male,Hindi
974,Conny,Polle,cpoller1@shutterfly.com,Female,Czech
975,Kanya,Needham,kneedhamr2@domainmarket.com,Female,Georgian
976,Chelsea,Greiswood,cgreiswoodr3@usda.gov,Male,Bengali
977,Meagan,Hernik,mhernikr4@ca.gov,Male,Spanish
978,Carroll,Minillo,cminillor5@domainmarket.com,Male,Gagauz
979,Cad,Kuhnwald,ckuhnwaldr6@japanpost.jp,Male,Hebrew
980,Catha,Durn,cdurnr7@wikispaces.com,Female,Portuguese
981,Paxon,Chalice,pchalicer8@cornell.edu,Male,Malayalam
982,Thadeus,Mault,tmaultr9@berkeley.edu,Female,Tswana
983,Sabina,McComb,smccombra@yahoo.co.jp,Male,Montenegrin
984,Ginger,Goolden,ggooldenrb@tumblr.com,Male,Tetum
985,Elle,Wolfe,ewolferc@buzzfeed.com,Female,Tswana
986,Jeni,Kydde,jkydderd@youku.com,Female,Malagasy
987,Patten,Screeton,pscreetonre@narod.ru,Male,Amharic
988,Flynn,Llewellin,fllewellinrf@weebly.com,Female,Latvian
989,Kristian,Tripney,ktripneyrg@mlb.com,Female,Spanish
990,Griffie,De Bell,gdebellrh@boston.com,Male,Tok Pisin
991,Archer,Getcliffe,agetclifferi@desdev.cn,Female,Papiamento
992,Griselda,Isley,gisleyrj@opensource.org,Male,Hindi
993,Donnajean,Fanthom,dfanthomrk@1und1.de,Female,Dutch
994,Carine,Medgwick,cmedgwickrl@moonfruit.com,Female,Yiddish
995,Jaynell,Cornels,jcornelsrm@statcounter.com,Male,Finnish
996,Lesley,Gottschalk,lgottschalkrn@reference.com,Male,Indonesian
997,Rolf,Dowse,rdowsero@xinhuanet.com,Male,Bengali
998,Ninnette,Bedburrow,nbedburrowrp@phoca.cz,Male,Pashto
999,Niven,Mackneis,nmackneisrq@exblog.jp,Female,Malay
1000,Edi,Caple,ecaplerr@scientificamerican.com,Male,German
