,id,first_name,last_name,email,gender,language
0,1,Hirsch,Card,,Male,Macedonian
1,2,Renato,Meakes,,Male,Tajik
2,3,Ivett,Slatcher,,Female,Hindi
3,4,Earlie,Bere,,Female,French
4,5,Chadd,Cantero,,Female,Bengali
5,6,Gan,Maciaszczyk,,Female,Yiddish
6,7,Beckie,Pagon,,Male,Aymara
7,8,Mina,Bunning,,Male,Spanish
8,9,Kaela,Beazleigh,,Female,Hungarian
9,10,Errick,Ninnoli,,Female,Icelandic
10,11,Darby,Billo,dbilloa@imageshack.us,Female,Haitian Creole
11,12,Clem,McGilben,cmcgilbenb@hhs.gov,Male,Haitian Creole
12,13,Edy,Sone,esonec@reuters.com,Male,Tamil
13,14,Tiff,Halworth,thalworthd@google.de,Female,Dzongkha
14,15,Paloma,Woollons,pwoollonse@msn.com,Female,Kazakh
15,16,Marti,Portwaine,mportwainef@theglobeandmail.com,Female,Korean
16,17,Letty,McClounan,lmcclounang@epa.gov,Male,Zulu
17,18,Nadia,Cahillane,ncahillaneh@ebay.co.uk,Female,Dutch
18,19,Suzette,Compton,scomptoni@mlb.com,Male,Tsonga
19,20,Nickie,Dodd,ndoddj@imageshack.us,Male,Kurdish
20,21,Dorisa,Albasiny,dalbasinyk@blogtalkradio.com,Female,Swedish
21,22,Lorrayne,Blasio,lblasiol@free.fr,Male,West Frisian
22,23,Camille,Febvre,cfebvrem@parallels.com,Male,Marathi
23,24,Jerrie,Olrenshaw,jolrenshawn@nhs.uk,Male,Macedonian
24,25,Myrtle,Balstone,mbalstoneo@linkedin.com,Female,Croatian
25,26,Murry,Chatband,mchatbandp@earthlink.net,Female,Macedonian
26,27,Rosamund,Marcu,rmarcuq@hubpages.com,Male,Bislama
27,28,Carlota,Courtes,ccourtesr@ezinearticles.com,Male,Maltese
28,29,Sheffie,Norsister,snorsisters@jugem.jp,Female,English
29,30,Hillary,Dewhurst,hdewhurstt@webmd.com,Male,Georgian
30,31,Cord,Gripton,cgriptonu@tripadvisor.com,Male,Dutch
31,32,Pen,Tebb,ptebbv@mashable.com,Male,Tajik
32,33,Danica,Reina,dreinaw@salon.com,Male,Guaraní
33,34,Kelila,Peatman,kpeatmanx@phpbb.com,Male,Burmese
34,35,Dallas,Bracher,dbrachery@dell.com,Female,Malagasy
35,36,Emelda,Longson,elongsonz@walmart.com,Male,Moldovan
36,37,Blondy,Phebey,,Male,Assamese
37,38,Francisca,Mebius,,Male,Bengali
38,39,Lonnard,Thames,,Male,Spanish
39,40,Celinka,Pitford,,Male,Chinese
40,41,Kennett,Witch,,Female,Moldovan
41,42,Honor,Dummett,,Female,Tajik
42,43,Brigg,Lies,,Male,Macedonian
43,44,Joelie,Pingstone,,Male,Estonian
44,45,Rochelle,Bonallack,,Female,Quechua
45,46,Faith,Congreve,,Female,Estonian
46,47,Melicent,Humberston,,Female,Polish
47,48,Pansy,Wakeman,,Male,Kyrgyz
48,49,Yardley,Carnegy,,Male,Chinese
49,50,Leicester,Mannooch,,Female,Swahili
50,51,Steffi,Vanlint,,Female,Maltese
51,52,Lance,Riccione,,Female,Hiri Motu
52,53,Halley,Dunlop,,Male,Belarusian
53,54,Daryn,Feavearyear,,Female,Dutch
54,55,Emelia,Dykas,,Male,Danish
55,56,Emery,Siggins,,Male,Afrikaans
56,57,Cherey,Yakunin,,Male,Malay
57,58,Ravid,Dugood,,Male,Macedonian
58,59,Brenden,Hughes,,Male,Amharic
59,60,Dannie,Corrado,,Female,Catalan
60,61,Rafa,Caustick,,Male,Gagauz
61,62,Peggi,Moohan,,Female,Kazakh
62,63,Emelia,Garfit,,Male,Bengali
63,64,Keelia,Ferreras,,Female,Kurdish
64,65,Vania,Minifie,,Male,Tsonga
65,66,Rici,Birkett,,Female,Portuguese
66,67,Beverie,Sink,,Female,Chinese
67,68,Kahlil,Trembley,,Female,Malayalam
68,69,Valencia,Bailess,,Female,Gagauz
69,70,Sada,Otter,,Male,Romanian
70,71,Marena,Bethel,,Male,Czech
71,72,Karon,Fahrenbacher,,Male,New Zealand Sign Language
72,73,Deloris,Oxley,,Male,Chinese
73,74,Odelinda,Marrison,,Male,Papiamento
74,75,Sapphira,Keynd,,Male,Indonesian
75,76,Abrahan,Gammade,,Male,Georgian
76,77,Silvanus,Ebben,,Male,Portuguese
77,78,Fina,Beasant,,Female,Hebrew
78,79,Grantham,Mortell,,Female,Swahili
79,80,Aeriell,Hanbidge,,Female,Ndebele
80,81,Katha,Tyt,,Male,Pashto
81,82,Bellina,Batterbee,,Female,Nepali
82,83,Fairleigh,Arckoll,,Male,Gujarati
83,84,Bibi,Ordemann,,Male,Quechua
84,85,Juana,Cutforth,,Male,Hebrew
85,86,Zach,Dayne,,Male,Tajik
86,87,Marni,Bartens,,Male,Norwegian
87,88,Ashby,Stealey,,Male,Bulgarian
88,89,Karia,Caldecot,,Male,Persian
89,90,Rena,MacCaull,,Female,Hiri Motu
90,91,Wenda,Schoolcroft,,Male,Thai
91,92,Lyell,Delf,,Male,Montenegrin
92,93,Diahann,Rivel,,Female,Northern Sotho
93,94,Raynell,Weston,,Female,Ndebele
94,95,Philippine,Goodnow,,Female,Northern Sotho
95,96,Seka,Duns,,Female,Haitian Creole
96,97,Ellswerth,Latliff,,Male,Greek
97,98,Cherice,Tattersill,,Male,Gagauz
98,99,Janie,Gillies,,Male,Māori
99,100,Guenevere,Gunson,,Female,Ndebele
100,101,Petronella,Gomm,,Male,Romanian
101,102,Darsey,Braams,,Male,Swedish
102,103,Tony,O'Brogane,,Male,Kashmiri
103,104,Denver,Lucey,,Male,Tamil
104,105,Maybelle,Sansbury,,Male,Chinese
105,106,Malinde,Flannigan,,Female,Tok Pisin
106,107,Raleigh,LeEstut,,Male,Belarusian
107,108,Janina,Pelerin,,Female,Hungarian
108,109,Lory,Brakewell,,Female,Danish
109,110,Skye,Baroch,,Male,Zulu
110,111,Shelly,Glasscoe,,Female,Romanian
111,112,Hanny,Brassington,,Female,Spanish
112,113,Prissie,Winder,,Female,Dari
113,114,Corbie,Commusso,,Female,Malayalam
114,115,Odette,Durnan,,Female,Japanese
115,116,Noble,Lohrensen,,Male,Irish Gaelic
116,117,Alli,Grigoryov,,Female,Dhivehi
117,118,Anatol,Garrish,,Female,Armenian
118,119,Giuseppe,Braidman,,Male,Fijian
119,120,Estrella,Marquez,,Female,Catalan
120,121,Nicolis,Goggen,,Female,Tswana
121,122,Gerti,Mussetti,,Male,Hungarian
122,123,Freeland,Stennet,,Male,Haitian Creole
123,124,Aguste,Beining,,Male,Czech
124,125,Delbert,Kime,,Female,Nepali
125,126,Cristian,Djuricic,,Female,Spanish
126,127,Katharina,Applebee,,Female,Nepali
127,128,Daniele,Thompsett,,Female,Malay
128,129,Martina,Henfre,,Female,Haitian Creole
129,130,Sosanna,Stump,,Female,Japanese
130,131,Corabelle,Novotni,,Male,Amharic
131,132,Elene,Pyott,,Male,Azeri
132,133,Chaim,Dockree,,Female,Malayalam
133,134,Stefano,Campes,,Female,Fijian
134,135,Cecilio,Payton,,Male,Tamil
135,136,Chas,Fredson,,Female,Sotho
136,137,Avivah,Folds,,Female,Yiddish
137,138,Dukey,Reeve,,Female,Guaraní
138,139,Kassia,Ferris,,Male,Belarusian
139,140,Ginnifer,Sibly,,Female,Swedish
140,141,Christoph,Plews,,Female,Croatian
141,142,Myca,Wigin,,Female,Hiri Motu
142,143,Marieann,Heel,,Male,Tamil
143,144,Aloin,Merkle,,Female,Czech
144,145,Brien,Twede,,Female,Luxembourgish
145,146,Ange,McKibben,,Female,Tok Pisin
146,147,Persis,Gadaud,,Female,Tok Pisin
147,148,Aleece,Isakovic,,Male,Arabic
148,149,Loy,Spedroni,,Female,Filipino
149,150,Pandora,Knuckles,,Male,Tamil
150,151,Sholom,Maidment,,Female,Tok Pisin
151,152,Karil,de Najera,,Male,Dhivehi
152,153,Grannie,Kilmary,,Male,Swahili
153,154,Emmaline,Kime,,Female,Kyrgyz
154,155,Nancie,Masterson,,Female,Afrikaans
155,156,Allister,Halifax,,Female,Hindi
156,157,Lacey,Wallis,,Female,Bislama
157,158,Cynthea,Mozzi,,Female,Haitian Creole
158,159,Mill,Fink,,Female,Telugu
159,160,Antonin,Mawd,,Male,Portuguese
160,161,Amy,Blackford,,Female,Chinese
161,162,Willyt,Furnival,,Male,Malayalam
162,163,Jean,Habergham,,Female,Kashmiri
163,164,Davidde,Lindegard,,Female,German
164,165,Celka,Pillington,,Female,Macedonian
165,166,Darlene,Elsmore,,Female,Khmer
166,167,Hodge,Isted,,Female,Swahili
167,168,Dena,Nizet,,Female,Assamese
168,169,Bartholomew,Bretton,,Male,German
169,170,Cody,Blofeld,,Male,Romanian
170,171,Elfreda,Delafont,,Female,Tamil
171,172,Joel,Stockton,,Female,Belarusian
172,173,Adi,Abelson,,Male,Swati
173,174,Renell,De Malchar,,Female,Finnish
174,175,Goldy,Exeter,,Male,Malagasy
175,176,Shelton,Hoogendorp,,Female,Telugu
176,177,Olympie,Sherrott,,Male,Malagasy
177,178,Imojean,McRobb,,Female,Burmese
178,179,Olivie,Durnell,,Female,English
179,180,Elizabet,Lansbury,,Male,Tok Pisin
180,181,Phillie,Brignall,,Female,Yiddish
181,182,Catarina,Dowey,,Male,Armenian
182,183,Paquito,Birks,,Male,Bulgarian
183,184,Collen,Ridout,,Female,French
184,185,Richy,Piddle,,Male,Tamil
185,186,Laureen,Rugg,,Male,Japanese
186,187,Timoteo,Miquelet,,Female,Armenian
187,188,Ester,Garnham,,Female,Zulu
188,189,Kori,Stuer,,Female,Korean
189,190,Dermot,Bruin,,Female,Gagauz
190,191,Talya,Buddington,,Female,Mongolian
191,192,Hunt,Furphy,,Female,Spanish
192,193,Joellen,McIlvoray,,Male,Finnish
193,194,Blanca,Hare,,Male,Albanian
194,195,Thain,Tarbin,,Female,Estonian
195,196,Roderigo,Privett,,Female,Moldovan
196,197,George,Clayton,,Male,Tajik
197,198,Carleen,Cadlock,,Female,Gujarati
198,199,Katey,McCandie,,Female,Moldovan
199,200,Ingeborg,Burehill,,Female,Assamese
200,201,Eleonore,Plumley,,Female,Swedish
201,202,Winnie,Fend,,Female,Azeri
202,203,Michel,Berget,,Male,Swati
203,204,Herculie,Castiglioni,,Male,Zulu
204,205,Washington,Wrack,,Female,Kashmiri
205,206,Burk,Tansill,,Male,Mongolian
206,207,Merola,Sextone,,Male,Chinese
207,208,Maggi,Malling,,Male,Sotho
208,209,Homerus,Kearley,,Female,Pashto
209,210,Eunice,Babonau,,Male,Zulu
210,211,Freddie,Keasy,,Male,Indonesian
211,212,Jackie,Huskisson,,Female,Ndebele
212,213,Pasquale,Alger,,Male,Chinese
213,214,Thorin,Glayzer,,Male,Arabic
214,215,Vi,Plumbley,,Female,Maltese
215,216,Lydie,Knolles-Green,,Male,Nepali
216,217,Terza,Speaks,,Female,Polish
217,218,Gusti,Millmore,,Female,Tsonga
218,219,Hurlee,Winthrop,,Male,Khmer
219,220,Andriette,Vasyanin,,Female,Tok Pisin
220,221,Rabbi,Gladdolph,,Female,Pashto
221,222,Rolland,Suermeiers,,Male,Kyrgyz
222,223,Janet,Lansberry,,Male,Dutch
223,224,Audie,Ninnis,,Female,Danish
224,225,Stefa,Georgel,,Female,Portuguese
225,226,Obie,Digle,,Female,Sotho
226,227,Tiebold,Leverette,,Male,Estonian
227,228,Micky,Bridgwater,,Male,Maltese
228,229,Nelson,Jeschner,,Female,Guaraní
229,230,Selena,Splaven,,Male,Bislama
230,231,Roxane,Maevela,,Male,Khmer
231,232,Homere,Reams,,Female,Lithuanian
232,233,Moishe,Chessel,,Female,Danish
233,234,Craggy,Bulpitt,,Female,Kashmiri
234,235,Baryram,Dresse,,Male,Pashto
235,236,Reba,Tierney,,Female,Belarusian
236,237,Darcy,Dalyell,,Male,German
237,238,Tilda,Jerrom,,Male,Montenegrin
238,239,Ricki,Houlden,,Male,Hungarian
239,240,Ira,Tilliards,,Female,West Frisian
240,241,Siouxie,Cristofori,,Female,Kurdish
241,242,Tanney,Brownhall,,Female,Mongolian
242,243,Genna,Arnaudet,,Female,Lithuanian
243,244,Bambi,Hearnshaw,,Male,Malagasy
244,245,Codie,Tirone,,Female,Kazakh
245,246,Blaire,Pendell,,Male,Burmese
246,247,Mischa,Brockhurst,,Female,Portuguese
247,248,Kelci,Jeaneau,,Female,Northern Sotho
248,249,Eimile,Balsom,,Female,Icelandic
249,250,Charo,Gooders,,Male,Amharic
250,251,Leora,Osichev,,Male,German
251,252,Fan,Gozzett,,Female,Tamil
252,253,Jolynn,Gryglewski,,Male,Portuguese
253,254,Janna,Everall,,Male,Ndebele
254,255,Clarisse,Willmetts,,Male,Malagasy
255,256,Aidan,Masterton,,Female,Quechua
256,257,Carol,Archer,,Male,Telugu
257,258,Carson,Bavister,,Male,Yiddish
258,259,Shara,Ivanitsa,,Female,French
259,260,Free,Norgate,,Female,Irish Gaelic
260,261,Benjamin,Haddon,,Male,Irish Gaelic
261,262,Tadd,Lawtie,,Male,Danish
262,263,Hughie,Gawler,,Male,Kannada
263,264,Harp,Rudinger,,Male,Sotho
264,265,Bertram,Guidera,,Male,Tetum
265,266,Katlin,Bolan,,Female,Dari
266,267,Guillermo,Dalligan,,Male,Armenian
267,268,Roch,Bleeze,,Male,Hindi
268,269,Ransom,Russan,,Male,Pashto
269,270,Rebeka,Kissack,,Female,Irish Gaelic
270,271,Angie,Tuffley,,Female,Moldovan
271,272,Nevile,Faraker,,Male,Italian
272,273,Geoff,Flahy,,Male,Arabic
273,274,Nert,Eyckel,,Female,Romanian
274,275,Cordell,Charman,,Male,Danish
275,276,Chicky,MacRanald,,Female,Hindi
276,277,Janeva,Lillicrop,,Female,Telugu
277,278,Maximo,Heighton,,Male,Quechua
278,279,Maudie,Decroix,,Female,Romanian
279,280,Glyn,Aronow,,Male,Khmer
280,281,Alanna,Rizzardini,,Female,Tsonga
281,282,Iver,Dargie,,Male,Tamil
282,283,Alexander,Stuer,,Female,Zulu
283,284,Valerie,Gauson,,Female,Maltese
284,285,Opaline,Wethers,,Male,Sotho
285,286,Wadsworth,Gotcher,,Male,Romanian
286,287,Nicolas,Bownd,,Female,Kannada
287,288,Vidovik,Vinker,,Male,Finnish
288,289,Amber,Jovasevic,,Male,Yiddish
289,290,Warner,Palumbo,,Male,Estonian
290,291,Kaycee,Deam,,Female,Māori
291,292,Hendrika,Corbally,,Female,Malagasy
292,293,Eleanor,Meadmore,,Male,Marathi
293,294,Garner,Rodder,,Male,Portuguese
294,295,Reena,Smitten,,Female,Chinese
295,296,Clarissa,Vail,,Male,Indonesian
296,297,Dosi,Lavalde,,Male,Tetum
297,298,Clea,Akester,,Male,Burmese
298,299,Eric,Beveredge,,Male,Pashto
299,300,Kip,Janning,,Male,Portuguese
300,301,Randa,Wisniewski,,Male,Lao
301,302,Roch,Arthey,,Male,Malay
302,303,Gabbi,Furness,,Female,Northern Sotho
303,304,Gerri,Gilardengo,,Male,Northern Sotho
304,305,Rick,Bawme,,Male,Maltese
305,306,Katy,Labet,,Female,Armenian
306,307,Clarisse,Busch,,Female,Spanish
307,308,Corinne,Spottiswoode,,Male,Quechua
308,309,Ashely,Harmon,,Male,Māori
309,310,Roderick,Meldrum,,Male,Afrikaans
310,311,Joela,Scottini,,Male,Hindi
311,312,Nikolos,Murthwaite,,Female,Albanian
312,313,Cesar,Deary,,Male,Luxembourgish
313,314,Fernanda,Gertray,,Female,Zulu
314,315,Harry,Bubear,,Female,Macedonian
315,316,Clo,Kitchinham,,Male,Assamese
316,317,Karil,Sauven,,Female,Khmer
317,318,Haroun,Golborne,,Female,Afrikaans
318,319,Remington,Oldford,,Male,Croatian
319,320,Madeline,Parriss,,Male,Bengali
320,321,Lind,Blakeston,,Male,Yiddish
321,322,Derick,Matthiesen,,Male,Dhivehi
322,323,Stefa,Etherton,,Male,Papiamento
323,324,Morganne,Gethins,,Female,Dari
324,325,Ofella,Fray,,Female,Estonian
325,326,Marti,Whiff,,Female,Macedonian
326,327,Udall,Dobrovolski,,Male,Punjabi
327,328,Pauletta,Rosson,,Female,French
328,329,Yuri,Boumphrey,,Male,Tswana
329,330,Kermy,Bardsley,,Male,Czech
330,331,Consuelo,Vinsen,,Male,Belarusian
331,332,Berkie,Pitkaithly,,Male,New Zealand Sign Language
332,333,Pete,Pennicott,,Male,Tok Pisin
333,334,Lettie,Mumbeson,,Male,Armenian
334,335,Nappy,Coulman,,Female,Tok Pisin
335,336,Allie,Rennles,,Female,Tajik
336,337,Angelia,Kohrding,,Male,Azeri
337,338,Kaila,Brandino,,Male,Persian
338,339,Henderson,Shackel,,Female,Estonian
339,340,Tomasina,Dutteridge,,Male,Norwegian
340,341,Lita,Goodright,,Female,Swedish
341,342,Joya,Chattaway,,Female,Bengali
342,343,Giffie,Cubbini,,Female,Montenegrin
343,344,Agnola,Bartolomeo,,Female,Portuguese
344,345,Travers,Pott,,Female,Dutch
345,346,Thorvald,Billings,,Male,Burmese
346,347,Itch,Luttgert,,Female,Lao
347,348,Pacorro,Ivasechko,,Female,Northern Sotho
348,349,Bax,Morant,,Male,Dzongkha
349,350,Arlyne,Khalid,,Female,Korean
350,351,Inge,Cluse,,Female,Albanian
351,352,Alon,Scrivenor,,Male,Aymara
352,353,Brynn,Rasell,,Male,Quechua
353,354,Demetris,Estcot,,Male,Aymara
354,355,Gabriell,Aliman,,Male,Irish Gaelic
355,356,Witty,McBrearty,,Female,Zulu
356,357,Gaelan,Simpole,,Female,Pashto
357,358,Harrison,Theuss,,Male,Luxembourgish
358,359,Iseabal,Fulmen,,Male,Korean
359,360,Lizzy,Dussy,,Male,Filipino
360,361,Dodi,Fidilis,,Male,Bulgarian
361,362,Hulda,Grimolbie,,Male,Moldovan
362,363,Jennica,Chichgar,,Male,Kyrgyz
363,364,Freeland,Lutzmann,,Female,Dzongkha
364,365,Olwen,Summerskill,,Male,Hiri Motu
365,366,Koressa,Raecroft,,Male,Tajik
366,367,Barry,Windybank,,Female,Norwegian
367,368,Faulkner,Scawen,,Male,Armenian
368,369,Giordano,McKim,,Male,German
369,370,Vladimir,Faire,,Male,Hindi
370,371,Perl,MacDowal,pmacdowalaa@mapy.cz,Male,Hungarian
371,372,Peggie,Lewin,plewinab@archive.org,Male,Kurdish
372,373,Ethelyn,Bowne,,Female,Dhivehi
373,374,Chlo,Leachman,cleachmanad@mozilla.com,Female,Tajik
374,375,Gery,Bonett,gbonettae@ucoz.com,Male,Fijian
375,376,Zebedee,Kenworthy,zkenworthyaf@squidoo.com,Male,Azeri
376,377,Bibbye,Winsborrow,bwinsborrowag@sitemeter.com,Female,Guaraní
377,378,Sheelah,Pedri,spedriah@ebay.com,Male,Somali
378,379,Roxy,Phil,rphilai@howstuffworks.com,Male,Azeri
379,380,Gerick,Drawmer,gdrawmeraj@plala.or.jp,Female,Georgian
380,381,Else,Collocott,ecollocottak@friendfeed.com,Female,Sotho
381,382,Timmy,Kyberd,tkyberdal@newsvine.com,Female,Irish Gaelic
382,383,Gwenneth,Frosdick,gfrosdickam@ibm.com,Female,Khmer
383,384,Vlad,Pizzey,vpizzeyan@uol.com.br,Male,New Zealand Sign Language
384,385,Merrily,Pilcher,mpilcherao@about.com,Male,Hungarian
385,386,Felice,Edwin,fedwinap@usa.gov,Male,Malagasy
386,387,Kare,Bridgland,kbridglandaq@shinystat.com,Female,Danish
387,388,Garrott,Siggens,gsiggensar@nifty.com,Male,Swahili
388,389,Korry,Leversha,klevershaas@nydailynews.com,Male,Hungarian
389,390,Consuela,Laidler,claidlerat@aboutads.info,Female,Tsonga
390,391,Katie,Vasyatkin,kvasyatkinau@drupal.org,Female,Moldovan
391,392,Antony,Derrett,aderrettav@oracle.com,Female,Macedonian
392,393,Jordanna,Clappison,jclappisonaw@bravesites.com,Male,Malagasy
393,394,Gerry,Ashburner,gashburnerax@cdbaby.com,Male,Hiri Motu
394,395,Daria,Bretherick,dbretherickay@dyndns.org,Female,Tamil
395,396,Kingsly,Spong,kspongaz@nbcnews.com,Female,Bengali
396,397,Maggie,Mealiffe,,Male,Hebrew
397,398,Thom,Tourot,,Female,Kazakh
398,399,Reggis,O'Donnell,,Male,Bosnian
399,400,Any,Pawlik,,Male,Persian
400,401,Jasmin,Prine,,Female,Finnish
401,402,Aubry,Tutchings,,Female,Pashto
402,403,Kristos,Gerant,,Male,English
403,404,Darcy,Twine,,Male,Spanish
404,405,Lauraine,Drinkeld,,Male,Macedonian
405,406,Sheela,Grover,,Female,Macedonian
406,407,Doralynne,Notton,dnottonba@plala.or.jp,Female,Swahili
407,408,Baldwin,Livingstone,blivingstonebb@discuz.net,Female,Dutch
408,409,Eimile,Biglin,ebiglinbc@sitemeter.com,Male,Icelandic
409,410,Tiena,Guile,tguilebd@wsj.com,Male,Swati
410,411,Georgette,Curryer,gcurryerbe@creativecommons.org,Male,Papiamento
411,412,Alessandra,Chastey,achasteybf@nytimes.com,Female,Japanese
412,413,Jack,Winckworth,jwinckworthbg@upenn.edu,Female,Norwegian
413,414,Consuelo,Twede,ctwedebh@google.co.jp,Male,Czech
414,415,Eugene,Keenlayside,ekeenlaysidebi@google.co.uk,Male,Mongolian
415,416,Susi,Skamell,sskamellbj@buzzfeed.com,Female,Moldovan
416,417,Shirline,Durrand,sdurrandbk@digg.com,Male,Haitian Creole
417,418,Vincenz,Powlesland,vpowleslandbl@qq.com,Male,Icelandic
418,419,Leopold,Yell,lyellbm@de.vu,Male,Danish
419,420,Emmott,Murtagh,emurtaghbn@addthis.com,Male,Japanese
420,421,Francis,Beaument,fbeaumentbo@seattletimes.com,Male,Pashto
421,422,Zed,Guppie,zguppiebp@moonfruit.com,Female,Tsonga
422,423,Ingaberg,Towriss,,Male,Gagauz
423,424,Fredi,Itzik,fitzikbr@whitehouse.gov,Female,Czech
424,425,Oran,Mawd,omawdbs@ameblo.jp,Female,Māori
425,426,Norman,Hallbord,nhallbordbt@hhs.gov,Male,Dari
426,427,Rowney,Haddon,rhaddonbu@hibu.com,Male,Fijian
427,428,Filippa,Obin,fobinbv@amazon.co.uk,Female,German
428,429,Howard,Asty,hastybw@businesswire.com,Male,Hiri Motu
429,430,Bree,Barley,bbarleybx@ucla.edu,Male,Malay
430,431,Wat,Gindghill,wgindghillby@auda.org.au,Male,Italian
431,432,Mariellen,Aleksankov,maleksankovbz@moonfruit.com,Female,Tetum
432,433,Etheline,Sloat,,Female,Maltese
433,434,Xerxes,Dellenbroker,,Female,Malayalam
434,435,Yoshi,Hallawell,,Male,Tok Pisin
435,436,Clarke,Gaughan,,Male,Quechua
436,437,Lorianna,Crauford,,Female,Belarusian
437,438,Lucio,Mayte,,Male,Aymara
438,439,Corliss,Kunz,,Male,Croatian
439,440,Dona,Lanktree,,Male,Swedish
440,441,Jarrett,Polk,,Male,West Frisian
441,442,Daffi,Stockall,,Female,Kashmiri
442,443,Erasmus,Colleymore,ecolleymoreca@reference.com,Female,Burmese
443,444,Sayer,Bailie,sbailiecb@noaa.gov,Female,Hebrew
444,445,Maddy,Glanders,mglanderscc@virginia.edu,Female,Marathi
445,446,Giustino,Poker,gpokercd@toplist.cz,Male,Persian
446,447,Di,Copper,dcopperce@rediff.com,Female,Dutch
447,448,Cullen,Sygrove,csygrovecf@angelfire.com,Female,Bosnian
448,449,Candice,Gribben,cgribbencg@bing.com,Female,Malagasy
449,450,Sandra,Mincini,smincinich@harvard.edu,Female,Northern Sotho
450,451,Andras,Franceschino,afranceschinoci@trellian.com,Female,Amharic
451,452,Diane,MacKeague,,Male,Marathi
452,453,Sherry,Chapleo,schapleock@multiply.com,Female,Danish
453,454,Hazel,Leyshon,hleyshoncl@timesonline.co.uk,Male,Albanian
454,455,Adriaens,Carney,acarneycm@ox.ac.uk,Female,Fijian
455,456,Calhoun,Dimmick,cdimmickcn@symantec.com,Male,Greek
456,457,Gibb,Ambrogetti,gambrogettico@cbc.ca,Female,Swati
457,458,Kriste,Sugarman,ksugarmancp@economist.com,Male,Afrikaans
458,459,Danielle,Jannequin,djannequincq@vinaora.com,Female,Greek
459,460,Christiano,Moakes,cmoakescr@paginegialle.it,Female,Gagauz
460,461,Sigvard,Laing,slaingcs@fda.gov,Female,Maltese
461,462,Marina,Whaplington,mwhaplingtonct@google.com.br,Female,Luxembourgish
462,463,Sheela,Gorrie,sgorriecu@elpais.com,Female,Quechua
463,464,Jamaal,Hatfield,jhatfieldcv@webmd.com,Female,Gujarati
464,465,Marcile,Phillipp,mphillippcw@yellowpages.com,Male,Marathi
465,466,Barbee,Spyvye,bspyvyecx@networksolutions.com,Female,Māori
466,467,Leanor,Danilowicz,ldanilowiczcy@java.com,Female,German
467,468,Valida,Pirolini,,Male,Yiddish
468,469,Shaughn,Betje,,Male,Bulgarian
469,470,Aluino,Domenge,,Male,Dzongkha
470,471,Kaylyn,McCall,,Male,Papiamento
471,472,Humfrey,Asquez,,Female,Aymara
472,473,Raimund,Ege,,Female,Persian
473,474,Rafaelia,Blincowe,,Female,Kazakh
474,475,Allyce,Twittey,,Male,Kazakh
475,476,Ty,Blasius,,Male,Japanese
476,477,Kelley,Minthorpe,,Male,Swedish
477,478,Gino,Gayter,,Female,Korean
478,479,Humfrid,Akester,hakesterda@webeden.co.uk,Male,Bosnian
479,480,Victoir,Shurrock,vshurrockdb@craigslist.org,Male,Korean
480,481,Hetti,Aleveque,halevequedc@edublogs.org,Male,Afrikaans
481,482,Guy,Boylund,gboylunddd@gravatar.com,Female,Haitian Creole
482,483,Fiona,Caplin,fcaplinde@marriott.com,Male,Thai
483,484,Eloise,Issacof,eissacofdf@t.co,Male,Italian
484,485,Ad,Myerscough,amyerscoughdg@irs.gov,Male,Arabic
485,486,Kaitlyn,Leyborne,kleybornedh@shinystat.com,Male,Kyrgyz
486,487,Elmira,Readings,ereadingsdi@gmpg.org,Male,Hindi
487,488,Damita,Mc Curlye,dmccurlyedj@seesaa.net,Male,Japanese
488,489,Kalindi,McGuckin,kmcguckindk@theglobeandmail.com,Male,Nepali
489,490,Mellie,Dungey,mdungeydl@tumblr.com,Male,Hiri Motu
490,491,Nina,Bizley,nbizleydm@list-manage.com,Male,Albanian
491,492,Allianora,Tresise,atresisedn@quantcast.com,Female,Hebrew
492,493,Granger,Dominick,gdominickdo@about.me,Female,Persian
493,494,Randolph,Strettell,rstrettelldp@cisco.com,Female,Kannada
494,495,Chryste,Bushell,,Female,Georgian
495,496,Reggi,Rattry,rrattrydr@wsj.com,Male,Maltese
496,497,Dalila,Indgs,dindgsds@cisco.com,Male,Lithuanian
497,498,Maitilde,Dengate,mdengatedt@sohu.com,Female,Yiddish
498,499,Cynthia,Diem,cdiemdu@va.gov,Female,Malayalam
499,500,Wat,Kermott,wkermottdv@simplemachines.org,Female,West Frisian
500,501,Grace,Venditti,gvendittidw@walmart.com,Female,Dari
501,502,Richmond,Potteridge,rpotteridgedx@about.me,Male,Finnish
502,503,Axe,Buyers,abuyersdy@hugedomains.com,Female,Indonesian
503,504,Lyman,Risborough,lrisboroughdz@nasa.gov,Male,Indonesian
504,505,Tyson,Badder,,Male,Swahili
505,506,Rudy,Geeritz,,Male,Azeri
506,507,Rosy,Bestwick,,Male,Pashto
507,508,Lulita,Broe,,Male,Croatian
508,509,Britt,Pridgeon,,Female,Maltese
509,510,Lina,Wickey,,Male,Norwegian
510,511,Quinn,Bucke,,Female,Norwegian
511,512,Ansell,Lawlee,,Female,Tamil
512,513,Templeton,Ruggen,,Male,Croatian
513,514,Cecelia,Melson,,Male,Kurdish
514,515,Ringo,Birdwhistell,rbirdwhistellea@indiatimes.com,Female,Oriya
515,516,Clint,Spain-Gower,cspaingowereb@vistaprint.com,Female,Hungarian
516,517,Claus,Tuck,ctuckec@ask.com,Female,Assamese
517,518,Carmencita,Tapton,ctaptoned@wikispaces.com,Female,Nepali
518,519,Hobart,Marginson,hmarginsonee@loc.gov,Female,Zulu
519,520,Brion,Covet,bcovetef@ibm.com,Female,Maltese
520,521,Aldo,Girauld,agirauldeg@jiathis.com,Male,German
521,522,Lorelle,Filpi,,Female,Yiddish
522,523,Letisha,Gleave,lgleaveei@bigcartel.com,Male,Japanese
523,524,Spike,Pierrepont,spierrepontej@senate.gov,Female,Fijian
524,525,Shannon,Laughlan,slaughlanek@tumblr.com,Female,Swati
525,526,Janela,Ivakhin,jivakhinel@biglobe.ne.jp,Female,Tajik
526,527,Waylon,Kubelka,wkubelkaem@google.fr,Female,Dzongkha
527,528,Colline,Grigolon,cgrigolonen@bigcartel.com,Female,Hebrew
528,529,Chelsy,Mould,cmouldeo@cmu.edu,Female,Punjabi
529,530,Ferne,Gremain,fgremainep@cafepress.com,Male,Quechua
530,531,Fitz,O' Connell,foconnelleq@behance.net,Female,Armenian
531,532,Adham,Ianelli,aianellier@squidoo.com,Female,Tajik
532,533,Fanechka,Body,fbodyes@prweb.com,Male,Polish
533,534,Nicky,Watting,nwattinget@trellian.com,Male,Belarusian
534,535,Jabez,Reihill,jreihilleu@epa.gov,Male,Spanish
535,536,Averil,Lowther,alowtherev@meetup.com,Male,Mongolian
536,537,Granthem,Parkeson,gparkesonew@jiathis.com,Female,Indonesian
537,538,Neddie,Tattam,ntattamex@loc.gov,Female,Belarusian
538,539,Carling,Bolte,,Male,Somali
539,540,Naoma,Halpen,nhalpenez@wikia.com,Male,Nepali
540,541,Lorianne,Varnam,,Male,German
541,542,Inga,Ratazzi,,Male,West Frisian
542,543,Moises,Ludmann,,Female,Portuguese
543,544,Sarine,Limb,,Male,Kashmiri
544,545,Denver,Nelsen,,Male,Spanish
545,546,Hedvige,Olechnowicz,,Female,Japanese
546,547,Candy,Cristofari,,Female,Amharic
547,548,Tiphany,Jeffree,,Female,Tsonga
548,549,Kipper,Martinek,,Female,Thai
549,550,Brianne,Krammer,,Female,Belarusian
550,551,Chelsea,Garaway,cgarawayfa@businessweek.com,Female,Aymara
551,552,Bettina,Aleksandrikin,baleksandrikinfb@amazon.co.uk,Male,Fijian
552,553,Alvy,Hooks,ahooksfc@webeden.co.uk,Male,Spanish
553,554,Brendan,Hamblin,bhamblinfd@canalblog.com,Male,Italian
554,555,Roger,Swaite,rswaitefe@google.com.br,Male,English
555,556,Augustin,McPeake,amcpeakeff@ovh.net,Male,Macedonian
556,557,Tally,McMickan,tmcmickanfg@wisc.edu,Male,Greek
557,558,Tine,Colliss,tcollissfh@so-net.ne.jp,Female,Khmer
558,559,Ciel,Sandell,csandellfi@amazonaws.com,Female,Portuguese
559,560,Yvon,Mandrake,ymandrakefj@google.co.jp,Female,Somali
560,561,Zuzana,Coldrick,zcoldrickfk@thetimes.co.uk,Male,Dutch
561,562,Wanda,McLuckie,wmcluckiefl@discovery.com,Male,Mongolian
562,563,Weider,Ambrosch,wambroschfm@t.co,Female,Nepali
563,564,Shelley,Rishworth,srishworthfn@ezinearticles.com,Female,Kashmiri
564,565,Herb,Gurdon,hgurdonfo@livejournal.com,Female,Montenegrin
565,566,Whitman,Bignell,wbignellfp@devhub.com,Female,Oriya
566,567,Mina,Joysey,mjoyseyfq@com.com,Female,West Frisian
567,568,Lindy,Erratt,lerrattfr@fema.gov,Male,Lithuanian
568,569,Neilla,Probets,nprobetsfs@t.co,Female,Danish
569,570,Kristofor,Keough,kkeoughft@psu.edu,Male,Mongolian
570,571,Lurleen,Scandwright,lscandwrightfu@europa.eu,Female,Malayalam
571,572,Krishnah,McCloughlin,,Male,Khmer
572,573,Alphard,Lushey,alusheyfw@shinystat.com,Male,Latvian
573,574,Flor,Grigoliis,fgrigoliisfx@blog.com,Male,Croatian
574,575,Callida,Bau,cbaufy@macromedia.com,Female,Zulu
575,576,Winnie,Durbann,wdurbannfz@geocities.com,Female,Aymara
576,577,Alleyn,Bampton,,Male,Spanish
577,578,Town,Strotton,,Male,Macedonian
578,579,Carlin,Ceccoli,,Male,Lithuanian
579,580,Cherise,Dunlop,,Male,Haitian Creole
580,581,Orbadiah,Jacques,,Male,Malay
581,582,Ainslie,Klee,,Female,Spanish
582,583,Garey,MacPhail,,Female,Tetum
583,584,Leigha,Sisland,,Male,West Frisian
584,585,Robinia,Lemmens,,Female,Georgian
585,586,Ingaborg,Yaakov,,Male,Catalan
586,587,Vincenty,Lambdin,vlambdinga@aol.com,Male,Māori
587,588,Arleyne,Morstatt,amorstattgb@tinyurl.com,Female,Afrikaans
588,589,Hirsch,Tomney,htomneygc@weibo.com,Male,Afrikaans
589,590,Niven,Perrottet,nperrottetgd@disqus.com,Female,Catalan
590,591,Cobb,Shenley,cshenleyge@angelfire.com,Female,German
591,592,Whitney,Sowersby,wsowersbygf@jalbum.net,Female,Indonesian
592,593,Everett,Phettiplace,ephettiplacegg@earthlink.net,Female,Icelandic
593,594,Maynord,Greenhead,,Male,Kannada
594,595,Deidre,Gregorowicz,dgregorowiczgi@histats.com,Male,Lao
595,596,Cher,Yateman,cyatemangj@about.com,Male,Bislama
596,597,Dale,Lambot,dlambotgk@wisc.edu,Female,Punjabi
597,598,Nadia,Northbridge,nnorthbridgegl@amazon.co.jp,Female,Pashto
598,599,Shir,Rottenbury,srottenburygm@mapy.cz,Male,Mongolian
599,600,Shina,Shurmore,sshurmoregn@imgur.com,Male,Punjabi
600,601,Mina,Cattow,mcattowgo@qq.com,Male,Telugu
601,602,Biddy,Millwall,bmillwallgp@tamu.edu,Female,Marathi
602,603,Eal,Ashenhurst,eashenhurstgq@google.co.jp,Male,Hindi
603,604,Genevieve,Haisell,ghaisellgr@ustream.tv,Female,Malagasy
604,605,Georgeta,Challice,gchallicegs@usatoday.com,Male,Armenian
605,606,Charisse,Butland,cbutlandgt@sourceforge.net,Female,Oriya
606,607,Tanney,Mayman,tmaymangu@nytimes.com,Female,Dari
607,608,Norton,Goodluck,ngoodluckgv@drupal.org,Female,Papiamento
608,609,Madel,Middleton,mmiddletongw@dot.gov,Female,Luxembourgish
609,610,Alva,Eyrl,aeyrlgx@chronoengine.com,Female,Hungarian
610,611,Lisle,Bellison,lbellisongy@businessweek.com,Male,Georgian
611,612,Horatia,Towson,,Female,Māori
612,613,Ricoriki,Hollebon,,Male,Burmese
613,614,Tallie,Matiebe,,Male,Romanian
614,615,Brand,Francino,,Male,Amharic
615,616,Solly,Anthes,,Male,Dari
616,617,Kizzie,Chasier,,Female,German
617,618,Cassandra,Conre,,Male,Polish
618,619,Georgeanna,Lovejoy,,Female,Swati
619,620,Maris,Lindenbluth,,Male,Filipino
620,621,Glynnis,Bugden,,Male,Swati
621,622,Stanislaus,Brearton,,Female,Malay
622,623,Norina,Ashwin,nashwinha@friendfeed.com,Male,Punjabi
623,624,Dulce,Maffin,dmaffinhb@hhs.gov,Female,New Zealand Sign Language
624,625,Marieann,Pendered,mpenderedhc@webeden.co.uk,Male,Italian
625,626,Roana,Maccree,rmaccreehd@eventbrite.com,Male,Swedish
626,627,Merissa,Summerbell,msummerbellhe@bbb.org,Female,Tok Pisin
627,628,Valida,Mansbridge,vmansbridgehf@dailymotion.com,Male,Persian
628,629,Christin,Jorat,cjorathg@ft.com,Female,Korean
629,630,Lothaire,Kollatsch,lkollatschhh@go.com,Female,Lao
630,631,Felipa,Hurling,fhurlinghi@symantec.com,Female,Icelandic
631,632,Addy,Biggans,abigganshj@google.com.au,Female,Belarusian
632,633,Gardner,Roch,grochhk@bloomberg.com,Female,Catalan
633,634,Marsiella,Battams,mbattamshl@wp.com,Female,Icelandic
634,635,Sinclare,Durgan,sdurganhm@trellian.com,Female,Ndebele
635,636,Moses,Harbar,mharbarhn@oracle.com,Female,Montenegrin
636,637,Antoine,Verduin,averduinho@youtube.com,Female,English
637,638,Reine,Brayn,rbraynhp@youku.com,Male,Guaraní
638,639,Robinette,Ronan,rronanhq@wordpress.com,Female,Fijian
639,640,Corilla,Masdon,cmasdonhr@tripadvisor.com,Male,Greek
640,641,Ginni,Bes,gbeshs@princeton.edu,Female,Malayalam
641,642,Timotheus,Dearing,tdearinght@google.com.br,Female,Lithuanian
642,643,Tedra,Spering,tsperinghu@networkadvertising.org,Male,Zulu
643,644,Dru,Beggi,dbeggihv@example.com,Male,Haitian Creole
644,645,Doralyn,MacAscaidh,dmacascaidhhw@shareasale.com,Female,Lao
645,646,Hansiain,Streeter,hstreeterhx@free.fr,Female,Portuguese
646,647,Goldia,Janman,gjanmanhy@psu.edu,Female,Māori
647,648,Tobe,Sommers,tsommershz@unicef.org,Male,Tajik
648,649,Tomas,Novelli,,Male,Thai
649,650,Benny,Tinto,,Male,Kannada
650,651,Tami,Vickery,,Female,Georgian
651,652,Kyla,Scole,,Female,Haitian Creole
652,653,Locke,Luchetti,,Male,Belarusian
653,654,Aron,Pherps,,Female,Danish
654,655,Jermaine,Janak,,Female,Indonesian
655,656,Clarisse,Babe,,Female,Dzongkha
656,657,Silvia,Comi,,Male,Swedish
657,658,Jory,Shopcott,,Female,French
658,659,Giorgia,Evert,gevertia@prnewswire.com,Male,Portuguese
659,660,Abbey,Putt,aputtib@hexun.com,Male,Kashmiri
660,661,Cesya,Golling,cgollingic@webmd.com,Male,Irish Gaelic
661,662,Anallise,Bleackley,ableackleyid@google.pl,Female,Azeri
662,663,Lenard,Crabb,lcrabbie@ning.com,Female,Kannada
663,664,Yoshi,Romi,yromiif@livejournal.com,Female,Hindi
664,665,Barry,Pickthorne,bpickthorneig@technorati.com,Male,Georgian
665,666,Clim,Yanin,cyaninih@ca.gov,Male,Italian
666,667,Geoffry,Slany,gslanyii@wikispaces.com,Female,Amharic
667,668,Hazlett,Nestle,,Female,Latvian
668,669,Danice,Criple,dcripleik@nih.gov,Female,Azeri
669,670,Nessi,Leverette,nleveretteil@csmonitor.com,Female,Georgian
670,671,Onfre,MacPaike,omacpaikeim@forbes.com,Female,Tswana
671,672,Hamil,Leighfield,hleighfieldin@creativecommons.org,Female,Hiri Motu
672,673,Muhammad,Bebbell,mbebbellio@usda.gov,Male,Thai
673,674,Marty,Grunwall,mgrunwallip@theglobeandmail.com,Male,Italian
674,675,Roddie,Bolsteridge,rbolsteridgeiq@simplemachines.org,Male,Quechua
675,676,Estel,Borleace,eborleaceir@slashdot.org,Female,Bislama
676,677,Fanny,Arnault,farnaultis@adobe.com,Female,Hiri Motu
677,678,Hugibert,Deane,hdeaneit@tiny.cc,Female,Luxembourgish
678,679,Christos,Franzman,cfranzmaniu@issuu.com,Female,Lithuanian
679,680,Bibby,Stanlock,bstanlockiv@yale.edu,Male,Tetum
680,681,Brit,Crimes,bcrimesiw@xrea.com,Male,Kannada
681,682,Constantia,Seiller,cseillerix@nationalgeographic.com,Male,Montenegrin
682,683,Grenville,Dabling,gdablingiy@goodreads.com,Female,Croatian
683,684,Morena,Bendley,mbendleyiz@exblog.jp,Male,Estonian
684,685,Neel,Tolerton,,Female,Spanish
685,686,Sascha,Wissbey,,Male,French
686,687,Chip,Ireland,,Male,Indonesian
687,688,Baily,Jorioz,,Male,Telugu
688,689,Cornie,Shambrook,,Female,Northern Sotho
689,690,Fayre,Kynoch,,Male,Luxembourgish
690,691,Flory,Baulcombe,,Male,Nepali
691,692,Beverlee,Barefoot,,Female,Somali
692,693,Garrik,Schimon,,Male,Malay
693,694,Tallie,Hayward,,Male,Spanish
694,695,Constantina,Clemencon,cclemenconja@psu.edu,Male,Icelandic
695,696,Randy,Killshaw,rkillshawjb@barnesandnoble.com,Male,Kannada
696,697,Gilbert,Rhucroft,grhucroftjc@chron.com,Female,Amharic
697,698,Lindsey,Gouldstone,lgouldstonejd@amazon.co.jp,Male,Kashmiri
698,699,Quentin,Lowles,qlowlesje@cbslocal.com,Male,Gujarati
699,700,Obed,Squier,osquierjf@slate.com,Male,Indonesian
700,701,Lodovico,Sholem,lsholemjg@utexas.edu,Male,Hiri Motu
701,702,Serena,Sturton,ssturtonjh@usda.gov,Female,Malagasy
702,703,Dorey,Tellenbrook,dtellenbrookji@ihg.com,Male,Montenegrin
703,704,Shelden,Merck,,Male,Tamil
704,705,Giulietta,Battaille,gbattaillejk@instagram.com,Female,Luxembourgish
705,706,Delores,Wisdish,dwisdishjl@bbb.org,Female,Montenegrin
706,707,Avrom,Tighe,atighejm@dagondesign.com,Male,Papiamento
707,708,Mirelle,Woodrup,mwoodrupjn@photobucket.com,Female,Tamil
708,709,Rosie,Extance,rextancejo@ebay.com,Female,Estonian
709,710,Bettye,Sherewood,bsherewoodjp@pcworld.com,Female,Kurdish
710,711,Bobbee,Haggerston,,Female,Malay
711,712,Roxie,Stutard,rstutardjr@unc.edu,Male,Dzongkha
712,713,Emmey,Dussy,edussyjs@fotki.com,Male,Moldovan
713,714,Richie,Londesborough,rlondesboroughjt@cocolog-nifty.com,Female,Hungarian
714,715,Maighdiln,Poulson,mpoulsonju@artisteer.com,Male,Latvian
715,716,Stearne,Boal,sboaljv@youtube.com,Female,Oriya
716,717,Eveline,Naisby,enaisbyjw@ebay.co.uk,Male,Bulgarian
717,718,Elsy,Hammerberg,ehammerbergjx@shareasale.com,Female,Aymara
718,719,Sheilah,Bonnier,sbonnierjy@wordpress.com,Female,Arabic
719,720,Lynna,Sheerman,lsheermanjz@unc.edu,Male,Quechua
720,721,Isabelle,Lamps,,Male,Persian
721,722,Aldus,Estabrook,,Female,Afrikaans
722,723,Robin,Pedrollo,,Female,Thai
723,724,Tadeo,O'Donnelly,,Male,Kyrgyz
724,725,Kai,Aneley,,Female,Tok Pisin
725,726,Thayne,Roma,,Female,Swati
726,727,Hedda,Delatour,,Female,Khmer
727,728,Borg,Raynes,,Female,Assamese
728,729,Shannan,Renny,,Female,Nepali
729,730,Karole,St. Quentin,,Male,Pashto
730,731,Weider,Dradey,wdradeyka@marriott.com,Female,Swedish
731,732,Freedman,Casin,fcasinkb@salon.com,Male,Kannada
732,733,Corenda,Leahey,cleaheykc@wordpress.com,Male,Marathi
733,734,Edlin,Lethbrig,elethbrigkd@cyberchimps.com,Male,Dzongkha
734,735,Arni,Sargood,asargoodke@scribd.com,Female,Maltese
735,736,Pinchas,Le Sarr,plesarrkf@arstechnica.com,Female,Somali
736,737,Jojo,Valintine,jvalintinekg@comcast.net,Female,Tajik
737,738,Phyllida,Trundle,ptrundlekh@canalblog.com,Female,Mongolian
738,739,Marice,Theakston,mtheakstonki@dot.gov,Male,Khmer
739,740,Olivette,Franzman,ofranzmankj@amazon.co.uk,Female,Norwegian
740,741,Ingelbert,Rebert,irebertkk@posterous.com,Female,Kazakh
741,742,Mirella,MacGillacolm,mmacgillacolmkl@spotify.com,Male,Malay
742,743,Tessi,Dohrmann,tdohrmannkm@hibu.com,Female,Irish Gaelic
743,744,Helenelizabeth,Dancer,hdancerkn@unblog.fr,Male,Dutch
744,745,Sada,Blakely,sblakelyko@odnoklassniki.ru,Male,Malay
745,746,Pepito,Keyhoe,pkeyhoekp@craigslist.org,Female,Northern Sotho
746,747,Pascal,Dukes,pdukeskq@reuters.com,Male,Kannada
747,748,Bendicty,McClory,bmcclorykr@homestead.com,Female,Gujarati
748,749,Dulcine,Humm,dhummks@skyrock.com,Female,Latvian
749,750,Clea,Fourcade,cfourcadekt@ning.com,Male,Kyrgyz
750,751,Carlos,Dami,,Female,Bislama
751,752,Gustaf,Dugdale,gdugdalekv@eepurl.com,Female,Kyrgyz
752,753,Padriac,Duckerin,pduckerinkw@last.fm,Female,Tok Pisin
753,754,Adolph,Barden,abardenkx@washington.edu,Female,Quechua
754,755,Josephine,Burry,jburryky@intel.com,Female,Moldovan
755,756,Meghann,Sugge,msuggekz@yelp.com,Male,Kashmiri
756,757,Donalt,Phillipson,,Male,Hungarian
757,758,Jania,Bonass,,Female,Swedish
758,759,Anallese,Stacy,,Male,Belarusian
759,760,Hamilton,Lillo,,Female,Nepali
760,761,Doralia,Grayland,,Male,Afrikaans
761,762,Letti,Salsbury,,Male,Quechua
762,763,Zitella,Eirwin,,Female,Latvian
763,764,Phillipp,Tregale,,Female,Dari
764,765,Nickey,Screas,,Male,Kannada
765,766,Bron,Duffan,,Male,Spanish
766,767,Nicko,Poure,npourela@cbc.ca,Male,Indonesian
767,768,Annabel,Shackell,ashackelllb@abc.net.au,Female,Somali
768,769,Ameline,Lepard,alepardlc@discuz.net,Female,Spanish
769,770,Percy,Vizor,pvizorld@google.co.jp,Male,Tamil
770,771,Isa,Ruppele,iruppelele@sciencedirect.com,Female,Kannada
771,772,Francois,Soane,fsoanelf@mediafire.com,Male,Bosnian
772,773,Stanford,Vallentin,svallentinlg@bluehost.com,Female,Punjabi
773,774,Wat,Penney,wpenneylh@time.com,Male,Hindi
774,775,Merralee,Matten,,Male,Danish
775,776,Ferdy,Domenichini,fdomenichinilj@istockphoto.com,Female,Finnish
776,777,Valida,Cubitt,vcubittlk@dailymotion.com,Female,Irish Gaelic
777,778,Welby,Crossby,wcrossbyll@google.es,Female,Somali
778,779,Claire,Paver,cpaverlm@yandex.ru,Female,Quechua
779,780,Rosabel,Philippou,rphilippouln@earthlink.net,Female,West Frisian
780,781,Fredi,Hars,fharslo@jalbum.net,Female,Maltese
781,782,Amalia,Joburn,ajoburnlp@soup.io,Male,Tswana
782,783,Hadlee,Smedmoor,hsmedmoorlq@hhs.gov,Female,Marathi
783,784,Almire,Stemp,astemplr@facebook.com,Male,Dhivehi
784,785,Ruby,Peers,rpeersls@surveymonkey.com,Male,Romanian
785,786,Mitchael,Bettesworth,mbettesworthlt@buzzfeed.com,Female,Pashto
786,787,Ellis,Jacquest,ejacquestlu@weather.com,Female,Bengali
787,788,Charline,Corbould,ccorbouldlv@ucoz.ru,Male,Hindi
788,789,Lazaro,Rasor,lrasorlw@stanford.edu,Female,Tamil
789,790,Ichabod,Boughtflower,iboughtflowerlx@last.fm,Female,Haitian Creole
790,791,Gaby,Losseljong,glosseljongly@nature.com,Male,Oriya
791,792,Catharine,Radwell,cradwelllz@uol.com.br,Female,Indonesian
792,793,Greggory,Behnecke,,Female,Lao
793,794,Gracia,Stygall,,Female,Nepali
794,795,Arlan,Dyott,,Male,Telugu
795,796,Gabriell,Vango,,Female,Italian
796,797,Jamaal,Stebbings,,Male,Persian
797,798,Ogdan,Siberry,,Female,Moldovan
798,799,Mareah,Berthomieu,,Male,Zulu
799,800,Bondie,Odlin,,Male,Thai
800,801,Lauree,Bromehead,,Female,West Frisian
801,802,Ilyssa,Bracco,,Female,Arabic
802,803,Purcell,Domenichelli,pdomenichellima@liveinternet.ru,Male,Dari
803,804,Bill,Colbron,bcolbronmb@newsvine.com,Female,Filipino
804,805,Emlyn,De la Feld,edelafeldmc@vkontakte.ru,Male,Dzongkha
805,806,Clive,Nestoruk,cnestorukmd@qq.com,Female,Kazakh
806,807,Toma,Woodhouse,twoodhouseme@tiny.cc,Male,Polish
807,808,Tove,Rediers,trediersmf@ucla.edu,Female,Tok Pisin
808,809,Allard,Avrasin,aavrasinmg@printfriendly.com,Male,Dutch
809,810,Yuma,Udell,yudellmh@apple.com,Male,Hungarian
810,811,Tresa,Worral,tworralmi@google.com.br,Male,Mongolian
811,812,Diane-marie,Hallgate,dhallgatemj@youku.com,Female,Hebrew
812,813,Fitzgerald,Ocheltree,focheltreemk@boston.com,Female,Armenian
813,814,Marrilee,Shilton,mshiltonml@seesaa.net,Male,Tajik
814,815,Thomas,Francillo,tfrancillomm@guardian.co.uk,Female,Dzongkha
815,816,Ami,Symson,asymsonmn@shop-pro.jp,Male,Catalan
816,817,Sidnee,Pelchat,spelchatmo@mapquest.com,Male,Tamil
817,818,Tristan,Arnaldi,tarnaldimp@pbs.org,Male,Zulu
818,819,Madel,Eskrigge,meskriggemq@imageshack.us,Female,Sotho
819,820,Tymon,Bock,tbockmr@nba.com,Male,Assamese
820,821,Etty,Pirolini,epirolinims@eventbrite.com,Female,Maltese
821,822,Caritta,Mapston,cmapstonmt@google.ca,Male,Korean
822,823,Reece,McGeachy,rmcgeachymu@opensource.org,Female,Maltese
823,824,Robbi,Presslee,rpressleemv@drupal.org,Male,Tok Pisin
824,825,Marinna,Elen,melenmw@hud.gov,Female,Quechua
825,826,Clarice,Rivenzon,crivenzonmx@home.pl,Female,Albanian
826,827,Luke,Wolseley,lwolseleymy@state.gov,Female,Nepali
827,828,Karlotte,Hyatt,khyattmz@mlb.com,Female,Khmer
828,829,Kasper,Greggersen,,Female,Malagasy
829,830,Gus,Goggin,,Male,Lithuanian
830,831,Yetty,Sprason,,Female,Portuguese
831,832,Keene,Hayland,,Female,Korean
832,833,Orly,McQuarrie,,Female,Czech
833,834,Tiena,Doerr,,Female,Gujarati
834,835,Yardley,Locks,,Male,Malayalam
835,836,Ulrikaumeko,Ekkel,,Female,Oriya
836,837,Coreen,Warbey,,Female,Moldovan
837,838,Dannie,McNeilley,,Male,Bislama
838,839,Ash,Eloy,,Male,Irish Gaelic
839,840,Ardelis,Lighten,alightennb@alexa.com,Male,Czech
840,841,Matty,Dahill,mdahillnc@clickbank.net,Female,Spanish
841,842,Deedee,Shakeshaft,dshakeshaftnd@phpbb.com,Female,Bosnian
842,843,Alyce,Fandrich,afandrichne@wufoo.com,Female,Dutch
843,844,Urbano,Boar,uboarnf@auda.org.au,Female,Polish
844,845,Aviva,Coveny,acovenyng@ucsd.edu,Female,Moldovan
845,846,Saw,O'dell,sodellnh@earthlink.net,Male,Gujarati
846,847,Tam,Drissell,tdrissellni@fastcompany.com,Male,Telugu
847,848,Elwira,Van Salzberger,evansalzbergernj@aboutads.info,Female,Kashmiri
848,849,Eleanore,Obbard,eobbardnk@de.vu,Female,Dzongkha
849,850,Broderic,Duiguid,bduiguidnl@artisteer.com,Male,Lithuanian
850,851,Wanda,Elsey,welseynm@amazonaws.com,Female,Macedonian
851,852,Morton,Lever,mlevernn@japanpost.jp,Female,Burmese
852,853,Granville,Booeln,gbooelnno@biglobe.ne.jp,Male,Albanian
853,854,Michell,Skippings,mskippingsnp@theglobeandmail.com,Female,Malayalam
854,855,Graeme,Eayres,geayresnq@joomla.org,Male,Icelandic
855,856,Elora,Crumby,ecrumbynr@exblog.jp,Male,Portuguese
856,857,Carmina,McCullen,cmccullenns@imageshack.us,Male,Lao
857,858,Lesley,Chaffen,lchaffennt@wp.com,Male,Portuguese
858,859,Rosalinda,Mazzey,rmazzeynu@utexas.edu,Female,Icelandic
859,860,Juliana,Filippucci,jfilippuccinv@statcounter.com,Male,Gujarati
860,861,Buck,Dimitrescu,bdimitrescunw@cbslocal.com,Male,Mongolian
861,862,Boote,McGiven,bmcgivennx@sogou.com,Male,Hebrew
862,863,Ellie,oldey,eoldeyny@ted.com,Female,Romanian
863,864,Calli,Fretter,cfretternz@artisteer.com,Female,Latvian
864,865,Pavla,Crake,,Male,Spanish
865,866,Glynnis,Clerc,,Female,Swedish
866,867,Charmane,Downes,,Male,Albanian
867,868,Colan,Martinez,,Male,Estonian
868,869,Perl,Saker,,Male,Hebrew
869,870,Buck,Willmont,,Male,Papiamento
870,871,Rowland,Penright,,Female,Czech
871,872,Amil,Harvison,,Female,Guaraní
872,873,Vasili,Bordone,,Female,Spanish
873,874,Tris,Rysom,,Male,Sotho
874,875,Sheffield,Toppin,stoppinoa@opensource.org,Male,Swati
875,876,Hilary,Moquin,hmoquinob@apple.com,Male,French
876,877,Aigneis,Vedmore,avedmoreoc@ucsd.edu,Male,Hebrew
877,878,Sadella,Taffurelli,staffurelliod@joomla.org,Female,Italian
878,879,Cedric,Brinicombe,cbrinicombeoe@usnews.com,Female,Georgian
879,880,Raul,Poynton,rpoyntonof@spotify.com,Female,Khmer
880,881,Candy,Torresi,,Female,West Frisian
881,882,Collette,Dodimead,cdodimeadoh@discovery.com,Female,Amharic
882,883,Corissa,Perrottet,cperrottetoi@dmoz.org,Female,Spanish
883,884,Jere,Harker,jharkeroj@shinystat.com,Male,Khmer
884,885,Jose,Milmo,jmilmook@redcross.org,Male,Gujarati
885,886,Nikolia,Peteri,npeteriol@shinystat.com,Male,Mongolian
886,887,Joey,Dairton,jdairtonom@blinklist.com,Male,Armenian
887,888,Jena,Biner,jbineron@va.gov,Female,Gagauz
888,889,Benjamin,Burfoot,bburfootoo@about.me,Female,Māori
889,890,Roxana,Flaverty,rflavertyop@blogs.com,Male,Papiamento
890,891,Lani,Kelloch,lkellochoq@istockphoto.com,Female,Kyrgyz
891,892,Christie,Merkle,cmerkleor@army.mil,Female,Afrikaans
892,893,Patrizius,Hampshaw,phampshawos@taobao.com,Female,Indonesian
893,894,Brien,Butterworth,bbutterworthot@biblegateway.com,Female,Catalan
894,895,Eba,Godlee,egodleeou@hostgator.com,Female,Tetum
895,896,Brook,Eaglesham,beagleshamov@ezinearticles.com,Female,Portuguese
896,897,Laurence,Iapico,liapicoow@ycombinator.com,Male,Spanish
897,898,Kimmi,Fairebrother,kfairebrotherox@ustream.tv,Male,Quechua
898,899,Adamo,Wolfenden,awolfendenoy@yahoo.com,Male,Luxembourgish
899,900,Lyon,Wasteney,lwasteneyoz@dailymail.co.uk,Male,Assamese
900,901,Gaultiero,Bigadike,,Female,Assamese
901,902,Willard,Reinard,,Male,Fijian
902,903,Nissa,Blezard,,Male,Luxembourgish
903,904,Ardenia,Fadden,,Male,Catalan
904,905,Row,Battison,,Female,Aymara
905,906,Jock,Docharty,,Male,Danish
906,907,Iggy,Given,,Female,Dzongkha
907,908,Zola,Mackriell,,Male,Bulgarian
908,909,Hymie,Weeds,,Female,Indonesian
909,910,Daisie,Holleworth,,Female,Hebrew
910,911,Rodina,Trudgeon,rtrudgeonpa@cyberchimps.com,Female,Burmese
911,912,Vittorio,Stanesby,vstanesbypb@npr.org,Male,Swedish
912,913,Shanon,Bilbrook,sbilbrookpc@cdc.gov,Female,Portuguese
913,914,Sherlocke,Jurs,sjurspd@hhs.gov,Female,Sotho
914,915,Viki,Probate,vprobatepe@scientificamerican.com,Male,English
915,916,Niels,Godney,ngodneypf@wisc.edu,Male,Pashto
916,917,Edna,Elvidge,eelvidgepg@furl.net,Female,Irish Gaelic
917,918,Lynnelle,Kimmitt,lkimmittph@xinhuanet.com,Female,Hungarian
918,919,Yetty,Geal,ygealpi@elegantthemes.com,Male,Yiddish
919,920,Codi,Audrey,caudreypj@house.gov,Female,Pashto
920,921,Lynn,Dayer,ldayerpk@facebook.com,Female,Papiamento
921,922,Collette,Giorio,,Male,French
922,923,Ree,Scammell,rscammellpm@github.io,Male,Korean
923,924,Enrique,Allpress,eallpresspn@craigslist.org,Male,Greek
924,925,Bobbye,Seadon,bseadonpo@devhub.com,Male,Malagasy
925,926,Cosimo,MacLucais,cmaclucaispp@house.gov,Male,Italian
926,927,Prince,Tweed,ptweedpq@altervista.org,Female,Tok Pisin
927,928,John,Arnopp,jarnopppr@furl.net,Female,Māori
928,929,Cazzie,Serris,cserrisps@army.mil,Female,Lao
929,930,Goldarina,Savell,gsavellpt@people.com.cn,Female,Haitian Creole
930,931,Row,Sallarie,rsallariepu@scientificamerican.com,Female,Punjabi
931,932,Robers,Durkin,,Male,Hiri Motu
932,933,Miran,Treneer,mtreneerpw@shareasale.com,Male,German
933,934,Jaime,Glennie,jglenniepx@chronoengine.com,Male,Dzongkha
934,935,Sherry,Crothers,scrotherspy@mayoclinic.com,Male,Nepali
935,936,Reuben,Tolomei,rtolomeipz@prnewswire.com,Female,Oriya
936,937,Roda,Dhennin,,Female,Nepali
937,938,Sonnie,Nason,,Male,Kurdish
938,939,Orlan,Calendar,,Male,Icelandic
939,940,Hurlee,Ovenell,,Male,Fijian
940,941,Katerina,Devanny,,Male,Mongolian
941,942,Leontine,MacGregor,,Male,Sotho
942,943,Bink,Heathcott,,Female,Malayalam
943,944,Jackson,Scothron,,Male,Malay
944,945,Brena,Skill,,Male,Kashmiri
945,946,Camella,Twizell,,Male,Kurdish
946,947,Clemmy,Sloane,csloaneqa@europa.eu,Male,Mongolian
947,948,Darlleen,Micheli,dmicheliqb@wikipedia.org,Male,Croatian
948,949,La verne,Robertsen,lrobertsenqc@java.com,Female,Latvian
949,950,Nickolaus,Klainer,nklainerqd@discuz.net,Female,Croatian
950,951,Cly,Benford,cbenfordqe@wordpress.com,Male,Montenegrin
951,952,Koralle,Darrel,kdarrelqf@engadget.com,Male,Tswana
952,953,Oran,Esmond,oesmondqg@sbwire.com,Female,Moldovan
953,954,Brendin,Seeborne,bseeborneqh@dell.com,Male,Kurdish
954,955,Barry,Haines,bhainesqi@google.es,Male,Dhivehi
955,956,Madelina,Dain,,Female,Lao
956,957,Rory,Cashley,rcashleyqk@eventbrite.com,Male,Malagasy
957,958,Josee,Wife,jwifeql@wsj.com,Male,Filipino
958,959,Elsi,Eckert,eeckertqm@artisteer.com,Male,Norwegian
959,960,Amalee,Beastall,abeastallqn@chronoengine.com,Female,Luxembourgish
960,961,Kathi,Dick,kdickqo@examiner.com,Male,Bosnian
961,962,Lucia,Cammidge,lcammidgeqp@npr.org,Male,Kannada
962,963,Iago,Danielis,idanielisqq@facebook.com,Male,Irish Gaelic
963,964,Trudi,Askew,taskewqr@soundcloud.com,Female,Latvian
964,965,Pattie,Coltherd,pcoltherdqs@umn.edu,Female,Thai
965,966,Dierdre,Dregan,ddreganqt@php.net,Male,Somali
966,967,Aileen,Saunper,asaunperqu@soundcloud.com,Female,Finnish
967,968,Gillie,Slane,gslaneqv@newsvine.com,Female,Dzongkha
968,969,Alistair,Trubshawe,atrubshaweqw@dyndns.org,Male,Korean
969,970,Susannah,Brahmer,sbrahmerqx@merriam-webster.com,Female,German
970,971,Felita,Nightingale,fnightingaleqy@usgs.gov,Female,Japanese
971,972,Brant,Turn,bturnqz@tumblr.com,Male,Somali
972,973,Donavon,Tetsall,,Male,Hindi
973,974,Conny,Polle,,Female,Czech
974,975,Kanya,Needham,,Female,Georgian
975,976,Chelsea,Greiswood,,Male,Bengali
976,977,Meagan,Hernik,,Male,Spanish
977,978,Carroll,Minillo,,Male,Gagauz
978,979,Cad,Kuhnwald,,Male,Hebrew
979,980,Catha,Durn,,Female,Portuguese
980,981,Paxon,Chalice,,Male,Malayalam
981,982,Thadeus,Mault,,Female,Tswana
982,983,Sabina,McComb,smccombra@yahoo.co.jp,Male,Montenegrin
983,984,Ginger,Goolden,ggooldenrb@tumblr.com,Male,Tetum
984,985,Elle,Wolfe,ewolferc@buzzfeed.com,Female,Tswana
985,986,Jeni,Kydde,jkydderd@youku.com,Female,Malagasy
986,987,Patten,Screeton,pscreetonre@narod.ru,Male,Amharic
987,988,Flynn,Llewellin,fllewellinrf@weebly.com,Female,Latvian
988,989,Kristian,Tripney,ktripneyrg@mlb.com,Female,Spanish
989,990,Griffie,De Bell,gdebellrh@boston.com,Male,Tok Pisin
990,991,Archer,Getcliffe,agetclifferi@desdev.cn,Female,Papiamento
991,992,Griselda,Isley,gisleyrj@opensource.org,Male,Hindi
992,993,Donnajean,Fanthom,,Female,Dutch
993,994,Carine,Medgwick,cmedgwickrl@moonfruit.com,Female,Yiddish
994,995,Jaynell,Cornels,jcornelsrm@statcounter.com,Male,Finnish
995,996,Lesley,Gottschalk,lgottschalkrn@reference.com,Male,Indonesian
996,997,Rolf,Dowse,rdowsero@xinhuanet.com,Male,Bengali
997,998,Ninnette,Bedburrow,nbedburrowrp@phoca.cz,Male,Pashto
998,999,Niven,Mackneis,nmackneisrq@exblog.jp,Female,Malay
999,1000,Edi,Caple,ecaplerr@scientificamerican.com,Male,German
